;Title, http://www.gcdataconcepts.com, x2-2,Kionix KXRB5-2050
;Version, 1102, Build date, Oct  6 2015,  SN:CCDC10023F56AE8
;Start_time, 2007-01-07, 20:44:11.766
;Temperature, -999.00, deg C,  Vbat, 4144, mv
;Gain, high
;SampleRate, 64,Hz
;Deadband, 0, counts
;DeadbandTimeout, 0,sec
;Headers, time,Ax,Ay,Az
0.395324,335,314,-13328
0.410949,233,314,-13138
0.426574,160,310,-13108
0.442199,298,287,-13308
0.457824,264,308,-13192
0.473449,158,337,-13076
0.489074,287,333,-13269
0.520324,312,333,-13253
0.535949,182,328,-13094
0.551574,258,308,-13222
0.567199,317,307,-13263
0.582824,196,319,-13099
0.598449,217,321,-13172
0.614074,291,324,-13281
0.629699,223,328,-13163
0.645324,214,321,-13147
0.660949,271,299,-13224
0.676574,248,278,-13208
0.692199,257,283,-13201
0.707824,271,298,-13170
0.723449,219,305,-13170
0.739074,239,307,-13249
0.754699,246,305,-13190
0.770324,189,305,-13122
0.785949,246,298,-13235
0.801574,303,307,-13245
0.817199,249,330,-13122
0.832824,262,341,-13170
0.848449,307,333,-13258
0.864074,244,326,-13174
0.879699,216,324,-13167
0.895324,255,314,-13231
0.910949,207,305,-13163
0.926574,160,296,-13156
0.942199,217,296,-13213
0.957824,255,317,-13161
0.973449,257,321,-13174
0.989074,324,316,-13245
1.004699,335,324,-13167
1.020324,260,314,-13136
1.035949,287,317,-13253
1.051574,280,333,-13204
1.067199,148,333,-13086
1.082824,169,316,-13211
1.098449,257,308,-13265
1.114074,187,303,-13092
1.129699,205,292,-13138
1.145324,330,324,-13317
1.160949,303,328,-13183
1.176574,241,305,-13076
1.192199,278,330,-13258
1.207824,257,333,-13251
1.223449,151,314,-13094
1.239074,185,301,-13204
1.254699,282,294,-13308
1.270324,248,307,-13144
1.285949,226,299,-13113
1.301574,305,285,-13270
1.317199,312,299,-13217
1.332824,214,330,-13090
1.348449,196,333,-13213
1.364074,253,323,-13320
1.379699,196,341,-13136
1.395324,144,335,-13101
1.410949,266,291,-13326
1.426574,321,280,-13238
1.442199,221,287,-13045
1.457824,312,266,-13254
1.473449,442,262,-13329
1.489074,274,273,-13061
1.504699,223,273,-13160
1.520324,355,294,-13349
1.535949,210,333,-13083
1.551574,103,351,-13067
1.567199,274,342,-13361
1.582824,228,335,-13183
1.598449,76,323,-13003
1.614074,235,305,-13295
1.629699,307,299,-13272
1.645324,142,305,-13011
1.660949,226,316,-13238
1.676574,376,291,-13374
1.692199,248,267,-13076
1.707824,223,296,-13122
1.723449,391,305,-13385
1.739074,285,342,-13169
1.754699,119,373,-13045
1.770324,244,341,-13315
1.785949,258,319,-13233
1.801574,149,316,-13036
1.817199,246,305,-13254
1.832824,316,294,-13308
1.848449,201,303,-13072
1.864074,235,294,-13156
1.879699,376,285,-13322
1.895324,289,308,-13158
1.910949,210,319,-13101
1.926574,312,316,-13283
1.942199,289,317,-13244
1.957824,162,332,-13083
1.973449,192,326,-13201
1.989074,262,299,-13269
2.004699,192,298,-13099
2.020324,189,296,-13163
2.035949,301,287,-13315
2.051574,298,307,-13176
2.067199,251,335,-13111
2.082824,323,342,-13254
2.098449,298,342,-13215
2.114074,189,341,-13110
2.129699,224,328,-13217
2.145324,249,319,-13242
2.160949,196,285,-13119
2.176574,246,273,-13185
2.192199,323,294,-13267
2.207824,280,298,-13156
2.223449,255,296,-13144
2.239074,330,301,-13253
2.254699,312,310,-13215
2.270324,230,337,-13149
2.285949,242,337,-13208
2.301574,221,310,-13186
2.317199,176,321,-13153
2.332824,242,330,-13236
2.348449,253,292,-13199
2.364074,217,276,-13144
2.379699,282,305,-13235
2.395324,299,303,-13222
2.410949,253,303,-13133
2.426574,248,324,-13179
2.442199,260,312,-13258
2.457824,246,305,-13203
2.473449,214,316,-13140
2.489074,242,317,-13203
2.504699,280,307,-13213
2.520324,241,305,-13156
2.535949,255,273,-13203
2.551574,312,257,-13228
2.567199,266,301,-13147
2.582824,248,310,-13174
2.598449,307,312,-13233
2.614074,257,360,-13140
2.629699,191,358,-13153
2.645324,257,314,-13272
2.660949,255,319,-13154
2.676574,171,308,-13094
2.692199,262,278,-13301
2.707824,310,289,-13224
2.723449,176,299,-13028
2.739074,280,294,-13270
2.754699,398,308,-13328
2.770324,169,333,-13004
2.785949,180,321,-13188
2.801574,396,312,-13431
2.817199,205,339,-13036
2.832824,80,337,-13017
2.848449,330,310,-13451
2.864074,264,301,-13186
2.879699,42,299,-12910
2.895324,276,282,-13374
2.910949,410,278,-13369
2.926574,146,303,-12903
2.942199,233,316,-13206
2.957824,462,316,-13474
2.973449,201,324,-13001
2.989074,101,326,-13038
3.004699,374,310,-13479
3.020324,276,312,-13158
3.035949,69,314,-12924
3.051574,328,278,-13403
3.067199,405,280,-13353
3.082824,117,307,-12908
3.098449,223,299,-13224
3.114074,426,310,-13458
3.129699,185,341,-12997
3.145324,107,344,-13051
3.160949,364,316,-13479
3.176574,276,307,-13169
3.192199,78,328,-12926
3.207824,298,298,-13358
3.223449,364,282,-13322
3.239074,128,330,-12935
3.254699,223,324,-13192
3.270324,398,296,-13403
3.285949,237,308,-13051
3.301574,194,314,-13072
3.317199,378,312,-13408
3.332824,303,321,-13199
3.348449,119,335,-12978
3.364074,249,323,-13304
3.379699,326,294,-13340
3.395324,144,298,-12986
3.410949,191,287,-13170
3.426574,374,276,-13444
3.442199,242,319,-13108
3.457824,132,341,-13010
3.473449,312,312,-13363
3.489074,319,316,-13242
3.504699,135,341,-12988
3.520324,235,326,-13267
3.535949,364,303,-13353
3.551574,189,303,-13047
3.567199,189,305,-13156
3.582824,357,287,-13372
3.598449,223,298,-13106
3.614074,155,316,-13063
3.629699,366,298,-13351
3.645324,303,292,-13194
3.660949,124,296,-13042
3.676574,273,305,-13303
3.692199,333,319,-13276
3.707824,173,319,-13047
3.723449,219,303,-13206
3.739074,321,285,-13317
3.754699,210,298,-13097
3.770324,192,310,-13136
3.785949,339,280,-13340
3.801574,291,282,-13183
3.817199,182,333,-13072
3.832824,282,332,-13270
3.848449,283,326,-13249
3.864074,160,353,-13088
3.879699,212,344,-13201
3.895324,269,328,-13269
3.910949,226,305,-13153
3.926574,249,278,-13174
3.942199,294,287,-13251
3.957824,266,298,-13188
3.973449,249,294,-13154
3.989074,262,298,-13222
4.004699,257,321,-13208
4.020324,241,335,-13138
4.035949,233,317,-13183
4.051574,262,305,-13245
4.067199,255,310,-13194
4.082824,217,303,-13154
4.098449,239,294,-13206
4.114074,253,298,-13217
4.129699,228,308,-13174
4.145324,216,294,-13170
4.160949,246,291,-13213
4.176574,266,319,-13211
4.192199,248,332,-13140
4.207824,258,328,-13158
4.223449,301,314,-13238
4.239074,274,321,-13170
4.254699,214,321,-13145
4.270324,271,298,-13274
4.285949,291,299,-13219
4.301574,198,292,-13103
4.317199,249,299,-13249
4.332824,314,323,-13297
4.348449,199,326,-13094
4.364074,194,328,-13147
4.379699,312,324,-13322
4.395324,244,339,-13149
4.410949,174,342,-13090
4.426574,291,303,-13328
4.442199,280,294,-13236
4.457824,153,307,-13028
4.473449,224,301,-13244
4.489074,346,291,-13344
4.504699,228,303,-13060
4.520324,162,328,-13103
4.535949,316,296,-13381
4.551574,294,291,-13195
4.567199,155,339,-13004
4.582824,267,335,-13310
4.598449,348,316,-13331
4.614074,180,305,-12972
4.629699,196,296,-13154
4.645324,392,294,-13442
4.660949,294,287,-13094
4.676574,162,294,-13001
4.692199,346,307,-13426
4.707824,348,317,-13261
4.723449,101,326,-12897
4.739074,228,310,-13281
4.754699,387,308,-13431
4.770324,130,324,-12944
4.785949,119,301,-13072
4.801574,392,273,-13501
4.817199,267,291,-13138
4.832824,91,303,-12929
4.848449,328,296,-13410
4.864074,401,310,-13331
4.879699,128,344,-12899
4.895324,187,346,-13253
4.910949,430,308,-13486
4.926574,210,326,-12967
4.942199,78,337,-13024
4.957824,387,291,-13540
4.973449,326,298,-13172
4.989074,48,314,-12853
5.004699,285,287,-13422
5.020324,417,280,-13411
5.035949,99,305,-12838
5.051574,185,303,-13188
5.067199,487,299,-13551
5.082824,232,346,-12983
5.098449,66,353,-12960
5.114074,380,307,-13533
5.129699,310,303,-13211
5.145446,16,310,-12824
5.161071,273,274,-13374
5.176696,432,276,-13428
5.192321,121,326,-12874
5.207946,199,319,-13176
5.223571,467,312,-13528
5.239196,219,342,-13019
5.254821,89,348,-12976
5.270446,380,317,-13488
5.286071,323,299,-13215
5.301696,69,308,-12874
5.317321,274,307,-13360
5.332946,417,294,-13417
5.348571,144,301,-12904
5.364196,169,296,-13158
5.379821,423,278,-13503
5.395446,239,301,-13036
5.411071,117,319,-12990
5.426696,387,312,-13483
5.442321,319,317,-13240
5.457946,62,314,-12908
5.473571,246,303,-13331
5.489196,378,299,-13394
5.504821,142,312,-12949
5.520446,169,321,-13140
5.536071,376,296,-13454
5.551696,232,287,-13106
5.567321,107,308,-13010
5.582946,301,308,-13401
5.598571,317,321,-13270
5.614196,149,332,-12940
5.629821,282,287,-13247
5.645446,421,283,-13415
5.661071,232,307,-13028
5.676696,174,285,-13095
5.692321,353,287,-13426
5.707946,273,303,-13138
5.723571,110,298,-12965
5.739196,278,310,-13361
5.754821,349,317,-13311
5.770446,133,314,-12929
5.786071,210,314,-13220
5.801696,424,316,-13449
5.817321,223,326,-13006
5.832946,119,310,-13047
5.848571,362,289,-13481
5.864196,273,312,-13179
5.879821,64,323,-12926
5.895446,303,294,-13369
5.911071,405,291,-13338
5.926696,148,305,-12917
5.942321,241,305,-13206
5.957946,430,301,-13424
5.973571,173,310,-13008
5.989196,114,310,-13060
6.004821,357,299,-13422
6.020446,248,317,-13161
6.036071,103,330,-12978
6.051696,291,303,-13329
6.067321,348,299,-13297
6.082946,210,308,-12983
6.098571,276,282,-13195
6.114196,366,278,-13376
6.129821,223,316,-13085
6.145324,162,326,-13067
6.160949,299,308,-13329
6.176574,285,310,-13215
6.192199,174,332,-13051
6.207824,271,326,-13253
6.223449,342,301,-13290
6.239074,221,307,-13069
6.254699,201,317,-13163
6.270324,307,305,-13324
6.285949,266,305,-13138
6.301574,180,314,-13081
6.317199,269,323,-13283
6.332824,305,319,-13235
6.348449,201,305,-13070
6.364074,249,314,-13213
6.379699,344,312,-13288
6.395324,223,303,-13119
6.410949,173,301,-13161
6.426574,289,287,-13272
6.442199,255,310,-13136
6.457824,191,332,-13108
6.473449,291,305,-13278
6.489074,303,308,-13219
6.504699,205,332,-13090
6.520324,241,324,-13226
6.535949,291,308,-13276
6.551574,212,317,-13128
6.567199,198,328,-13158
6.582824,303,319,-13274
6.598449,280,316,-13167
6.614074,201,323,-13104
6.629699,285,314,-13263
6.645324,324,324,-13228
6.660949,194,258,-13079
6.676574,255,360,-13220
6.692199,401,442,-13161
6.707824,-59,-204,-13328
6.723449,591,1221,-13074
6.739074,162,-340,-12847
6.754699,-733,-695,-14490
6.770324,4944,11323,-8674
6.785949,4438,8497,-613
6.801574,-631,-5103,-6789
6.817199,6970,-1432,-16006
6.832824,9248,712,-14088
6.848449,423,-2527,-6584
6.864074,1092,-442,-9889
6.879699,7584,1285,-17834
6.895324,4710,-895,-11701
6.910949,-31,-1879,-6878
6.926574,3949,948,-15270
6.942199,5426,362,-15842
6.957824,648,-2322,-8064
6.973449,1887,87,-12817
6.989074,4688,1080,-16631
7.004699,1281,-2191,-9682
7.020324,1219,-934,-12640
7.035949,3551,516,-15911
7.051574,1278,-1686,-10410
7.067199,1360,71,-13365
7.082824,2353,30,-14608
7.098449,719,-2084,-11421
7.114074,1426,-215,-14144
7.129699,1464,-243,-13265
7.145324,819,-1052,-12749
7.160949,1499,-1075,-13795
7.176574,749,-524,-12613
7.192199,882,-199,-13663
7.207824,1083,-1034,-13108
7.223449,351,-317,-12926
7.239074,894,-1006,-13758
7.254699,667,-1527,-12860
7.270324,253,-411,-13161
7.285949,612,-420,-13576
7.301574,264,-1056,-12831
7.317199,314,-1140,-13274
7.332824,439,-288,-13431
7.348449,78,-222,-12817
7.364074,391,-981,-13442
7.379699,291,-1016,-13331
7.395324,-40,-1034,-12917
7.410949,330,-1115,-13474
7.426574,62,-652,-13215
7.442199,-118,-772,-13067
7.457824,273,-1095,-13465
7.473449,-63,-761,-13103
7.489074,-67,-768,-13154
7.504699,266,-859,-13363
7.520324,-77,-472,-13056
7.535949,114,-450,-13279
7.551574,328,-363,-13267
7.567199,-67,37,-13038
7.582824,180,7,-13351
7.598449,212,208,-13161
7.614074,-108,571,-13070
7.629699,176,551,-13365
7.645324,73,798,-13024
7.660949,-95,965,-13136
7.676574,142,855,-13392
7.692199,-15,951,-12990
7.707824,24,894,-13217
7.723449,158,810,-13320
7.739074,-24,808,-12972
7.754699,137,605,-13276
7.770324,116,537,-13261
7.785949,-38,419,-13038
7.801574,176,180,-13310
7.817199,28,182,-13206
7.832824,-36,19,-13133
7.848449,189,-206,-13267
7.864074,1,-168,-13124
7.879699,49,-324,-13217
7.895324,208,-443,-13229
7.910949,10,-359,-13115
7.926574,123,-474,-13299
7.942199,151,-434,-13203
7.957824,-38,-265,-13119
7.973449,121,-281,-13308
7.989074,83,-136,-13158
8.004699,-2,8,-13151
8.020324,142,62,-13304
8.035949,28,251,-13113
8.051574,67,303,-13185
8.067199,169,369,-13276
8.082824,0,558,-13108
8.098449,82,551,-13206
8.114074,108,594,-13206
8.129699,-33,680,-13124
8.145324,80,583,-13245
8.160949,49,583,-13170
8.176574,-2,551,-13167
8.192199,116,430,-13269
8.207824,24,417,-13131
8.223449,46,287,-13203
8.239074,132,155,-13258
8.254699,21,121,-13111
8.270324,94,-24,-13228
8.285949,116,-106,-13226
8.301574,16,-136,-13128
8.317199,123,-234,-13233
8.332824,64,-218,-13185
8.348449,-17,-199,-13170
8.364074,114,-236,-13247
8.379699,48,-174,-13156
8.395324,28,-147,-13203
8.410949,133,-120,-13245
8.426574,60,-15,-13154
8.442199,87,41,-13233
8.457824,114,148,-13210
8.473449,12,276,-13131
8.489074,73,310,-13249
8.504699,69,401,-13188
8.520324,17,455,-13136
8.535949,99,442,-13260
8.551574,67,503,-13188
8.567199,60,483,-13156
8.582824,85,449,-13226
8.598449,-11,476,-13172
8.614074,42,385,-13192
8.629699,66,316,-13206
8.645324,-17,278,-13169
8.660949,101,155,-13219
8.676574,101,121,-13190
8.692199,28,87,-13183
8.707824,112,-25,-13228
8.723449,60,-34,-13165
8.739074,49,-67,-13194
8.754699,110,-115,-13231
8.770324,30,-67,-13163
8.785949,58,-102,-13222
8.801574,91,-122,-13238
8.817199,35,-45,-13156
8.832824,117,-18,-13210
8.848449,107,62,-13195
8.864074,30,144,-13163
8.879699,85,167,-13228
8.895324,44,253,-13195
8.910949,35,294,-13199
8.926574,96,301,-13217
8.942199,32,364,-13163
8.957824,48,360,-13208
8.973449,96,355,-13204
8.989074,55,374,-13158
9.004699,92,332,-13215
9.020324,73,339,-13176
9.035949,53,326,-13156
9.051574,123,251,-13235
9.067199,67,237,-13174
9.082824,48,187,-13158
9.098449,94,98,-13236
9.114074,41,69,-13211
9.129699,49,3,-13169
9.145446,82,-20,-13226
9.161071,58,-18,-13169
9.176696,24,-42,-12944
9.192321,98,194,-13242
9.207946,199,555,-13579
9.223571,21,642,-13113
9.239196,-20,432,-12983
9.254821,137,266,-13301
9.270446,51,287,-13197
9.286071,78,310,-13174
9.301696,103,471,-13210
9.317321,-11,667,-13129
9.332946,101,662,-13249
9.348571,117,682,-13240
9.364196,42,642,-13160
9.379821,162,587,-13195
9.395446,146,621,-13151
9.411071,108,219,-13203
9.426696,221,-331,-13228
9.442321,151,-479,-13120
9.457946,78,-547,-13210
9.473571,133,-609,-13290
9.489196,96,-634,-13211
9.504821,80,-581,-13222
9.520446,107,-233,-13206
9.536071,82,48,-13108
9.551696,80,-83,-13163
9.567321,124,-297,-13276
9.582946,80,-368,-13220
9.598571,42,-404,-13169
9.614196,112,-402,-13217
9.629821,82,-268,-13197
9.645446,60,-152,-13161
9.661071,137,-54,-13224
9.676696,107,178,-13251
9.692321,69,319,-13163
9.707946,110,285,-13174
9.723571,83,341,-13261
9.739196,46,344,-13181
9.754821,101,228,-13154
9.770446,66,269,-13217
9.786071,-17,324,-13144
9.801696,85,282,-13188
9.817321,101,328,-13231
9.832946,10,371,-13169
9.848571,107,323,-13224
9.864196,110,349,-13208
9.879821,23,385,-13176
9.895446,112,319,-13224
9.911071,107,264,-13167
9.926696,39,203,-13186
9.942321,91,128,-13229
9.957946,60,108,-13151
9.973571,35,73,-13201
9.989196,73,30,-13240
10.004821,23,37,-13158
10.020446,23,19,-13203
10.036071,66,-9,-13242
10.051696,42,-15,-13179
10.067321,80,-29,-13199
10.082946,105,-22,-13206
10.098571,73,-2,-13185
10.114196,98,0,-13215
10.129821,89,62,-13185
10.145324,42,142,-13183
10.160949,69,153,-13204
10.176574,73,185,-13186
10.192199,39,242,-13224
10.207824,60,262,-13201
10.223449,73,283,-13163
10.239074,74,289,-13220
10.254699,92,271,-13190
10.270324,94,257,-13145
10.285949,91,239,-13219
10.301574,60,248,-13219
10.317199,32,244,-13172
10.332824,35,217,-13203
10.348449,24,208,-13204
10.364074,46,158,-13179
10.379699,74,98,-13188
10.395324,53,91,-13186
10.410949,94,62,-13156
10.426574,144,16,-13163
10.442199,85,33,-13211
10.457824,49,33,-13203
10.473449,83,3,-13181
10.489074,64,24,-13199
10.504699,30,37,-13197
10.520324,46,58,-13186
10.535949,76,85,-13197
10.551574,107,83,-13199
10.567199,114,121,-13178
10.582824,94,155,-13172
10.598449,101,151,-13197
10.614074,119,171,-13199
10.629699,87,201,-13190
10.645324,53,226,-13215
10.660949,64,232,-13199
10.676574,69,208,-13160
10.692199,57,228,-13210
10.707824,69,255,-13195
10.723449,80,210,-13140
10.739074,71,171,-13228
10.754699,32,171,-13244
10.770324,28,126,-13178
10.785949,110,80,-13217
10.801574,107,110,-13206
10.817199,60,85,-13161
10.832824,99,21,-13215
10.848449,73,58,-13210
10.864074,53,58,-13181
10.879699,85,39,-13197
10.895324,53,82,-13183
10.910949,87,64,-13217
10.926574,110,73,-13215
10.942199,35,137,-13178
10.957824,42,142,-13233
10.973449,49,160,-13181
10.989074,14,194,-13156
11.004699,42,191,-13265
11.020324,46,189,-13178
11.035949,62,185,-13142
11.051574,99,196,-13254
11.067199,48,223,-13172
11.082824,66,214,-13153
11.098449,98,221,-13240
11.114074,42,239,-13179
11.129699,76,192,-13170
11.145324,76,174,-13210
11.160949,28,167,-13190
11.176574,110,108,-13210
11.192199,98,119,-13190
11.207824,30,123,-13183
11.223449,105,62,-13210
11.239074,91,69,-13178
11.254699,48,78,-13199
11.270324,107,67,-13217
11.285949,66,98,-13174
11.301574,46,110,-13238
11.317199,85,117,-13226
11.332824,53,119,-13138
11.348449,55,116,-13228
11.364074,67,133,-13224
11.379699,53,144,-13161
11.395324,82,139,-13240
11.410949,85,144,-13203
11.426574,83,160,-13169
11.442199,83,194,-13228
11.457824,33,219,-13170
11.473449,46,210,-13192
11.489074,71,203,-13222
11.504699,32,198,-13153
11.520324,73,166,-13201
11.535949,103,146,-13204
11.551574,92,137,-13167
11.567199,114,112,-13233
11.582824,66,126,-13194
11.598449,49,117,-13154
11.614074,83,87,-13219
11.629699,26,124,-13201
11.645324,37,119,-13181
11.660949,105,69,-13213
11.676574,62,85,-13197
11.692199,71,78,-13197
11.707824,116,69,-13185
11.723449,53,114,-13181
11.739074,60,116,-13219
11.754699,103,116,-13167
11.770324,57,162,-13186
11.785949,60,167,-13258
11.801574,67,164,-13172
11.817199,42,189,-13179
11.832824,73,187,-13238
11.848449,82,185,-13149
11.864074,71,194,-13178
11.879699,58,171,-13245
11.895324,37,142,-13161
11.910949,60,128,-13176
11.926574,58,123,-13224
11.942199,44,123,-13186
11.957824,82,146,-13186
11.973449,78,164,-13181
11.989074,62,139,-13211
12.004699,89,117,-13204
12.020324,80,114,-13149
12.035949,78,80,-13224
12.051574,92,64,-13219
12.067199,60,69,-13147
12.082824,58,66,-13235
12.098449,74,92,-13229
12.114074,89,103,-13158
12.129699,107,119,-13213
12.145324,67,169,-13201
12.160949,74,164,-13174
12.176574,114,149,-13206
12.192199,46,174,-13192
12.207824,33,160,-13195
12.223449,66,148,-13186
12.239074,35,166,-13179
12.254699,51,144,-13220
12.270324,58,144,-13185
12.285949,62,151,-13181
12.301574,107,135,-13235
12.317199,92,160,-13179
12.332824,74,169,-13185
12.348449,83,151,-13231
12.364074,60,142,-13185
12.379699,42,123,-13188
12.395324,28,121,-13199
12.410949,41,114,-13188
12.426574,98,92,-13217
12.442199,91,121,-13190
12.457824,55,135,-13190
12.473449,74,114,-13219
12.489074,69,128,-13176
12.504699,67,141,-13194
12.520324,80,133,-13213
12.535949,62,121,-13170
12.551574,48,112,-13215
12.567199,39,133,-13220
12.582824,42,148,-13169
12.598449,66,162,-13194
12.614074,62,178,-13174
12.629699,74,174,-13156
12.645324,108,185,-13206
12.660949,94,189,-13190
12.676574,85,164,-13178
12.692199,87,158,-13224
12.707824,46,155,-13201
12.723449,42,128,-13181
12.739074,49,121,-13199
12.754699,33,123,-13194
12.770324,83,116,-13210
12.785949,107,105,-13197
12.801574,80,117,-13188
12.817199,99,155,-13208
12.832824,92,167,-13176
12.848449,58,148,-13199
12.864074,62,139,-13217
12.879699,62,137,-13151
12.895324,58,116,-13181
12.910949,60,96,-13215
12.926574,64,74,-13178
12.942199,83,78,-13204
12.957824,78,123,-13194
12.973449,64,133,-13190
12.989074,91,124,-13211
13.004699,85,144,-13165
13.020324,69,158,-13220
13.035949,76,155,-13235
13.051574,76,149,-13160
13.067199,82,157,-13220
13.082824,58,158,-13208
13.098449,44,137,-13151
13.114074,58,135,-13238
13.129699,39,155,-13206
13.145324,55,148,-13165
13.160949,94,146,-13236
13.176574,71,157,-13194
13.192199,74,117,-13199
13.207824,96,110,-13217
13.223449,83,137,-13153
13.239074,123,98,-13201
13.254699,103,107,-13208
13.270324,23,144,-13151
13.285949,57,114,-13224
13.301574,53,130,-13226
13.317199,12,169,-13190
13.332824,73,144,-13240
13.348449,64,144,-13170
13.364074,85,142,-13179
13.379699,132,135,-13245
13.395324,41,164,-13147
13.410949,58,144,-13215
13.426574,99,158,-13279
13.442199,41,167,-13136
13.457824,98,112,-13206
13.473449,82,153,-13253
13.489074,7,167,-13128
13.504699,96,114,-13192
13.520324,64,167,-13226
13.535949,24,148,-13170
13.551574,148,87,-13201
13.567199,78,166,-13188
13.582824,24,141,-13188
13.598449,119,69,-13183
13.614074,41,149,-13161
13.629699,26,153,-13236
13.645324,101,108,-13190
13.660949,53,148,-13149
13.676574,74,137,-13272
13.692199,101,114,-13194
13.707824,51,130,-13128
13.723449,66,144,-13263
13.739074,60,153,-13185
13.754699,53,128,-13136
13.770324,80,124,-13261
13.785949,42,151,-13203
13.801574,67,130,-13165
13.817199,94,130,-13215
13.832824,39,169,-13194
13.848449,80,137,-13199
13.864074,108,137,-13192
13.879699,44,176,-13190
13.895324,58,135,-13210
13.910949,80,124,-13165
13.926574,49,149,-13195
13.942199,67,139,-13242
13.957824,76,146,-13158
13.973449,64,141,-13172
13.989074,85,121,-13231
14.004699,69,130,-13158
14.020324,64,126,-13186
14.035949,98,114,-13245
14.051574,46,207,-13049
14.067199,17,587,-13060
14.082824,141,1139,-13442
14.098449,128,1440,-13344
14.114074,-27,1248,-12992
14.129699,64,801,-13131
14.145324,135,508,-13236
14.160949,94,408,-13174
14.176574,203,385,-13238
14.192199,132,446,-13161
14.207824,110,660,-13165
14.223449,282,748,-13254
14.239074,148,448,-13145
14.254699,176,64,-13211
14.270324,335,49,-13274
14.285949,132,394,-13124
14.301574,187,546,-13178
14.317199,346,485,-13242
14.332824,260,467,-13165
14.348449,353,257,-13160
14.364074,349,149,-13128
14.379699,239,642,-13147
14.395324,319,923,-13251
14.410949,380,607,-13194
14.426574,374,324,-13229
14.442199,374,-208,-13178
14.457824,494,-322,-13058
14.473449,464,594,-13354
14.489074,201,476,-13203
14.504699,458,-659,-12913
14.520324,742,-211,-13361
14.535949,208,882,-13256
14.551574,242,326,-12890
14.567199,903,-408,-13438
14.582824,391,-100,-13322
14.598449,-36,310,-12847
14.614074,796,658,-13481
14.629699,657,457,-13322
14.645324,-2,-133,-12788
14.660949,687,298,-13422
14.676574,758,889,-13279
14.692199,151,283,-12845
14.707824,742,-390,-13436
14.723449,830,-9,-13308
14.739074,135,732,-12870
14.754699,623,414,-13367
14.770324,969,-467,-13349
14.785949,371,-49,-12913
14.801574,615,748,-13286
14.817199,983,96,-13345
14.832824,480,-608,-12978
14.848449,499,191,-13217
14.864074,808,755,-13297
14.879699,607,-93,-13129
14.895324,617,-236,-13272
14.910949,723,771,-13176
14.926574,708,660,-13115
14.942199,846,-240,-13294
14.957824,739,137,-13169
14.973449,664,951,-13103
14.989074,914,239,-13285
15.004699,789,-150,-13163
15.020324,721,790,-13095
15.035949,1098,258,-13358
15.051574,928,-579,-13147
15.067199,765,416,-13140
15.082824,1057,705,-13279
15.098449,933,66,-13072
15.114074,907,503,-13231
15.129699,1071,337,-13197
15.145324,969,-322,-13158
15.160949,976,532,-13263
15.176574,1065,933,-13099
15.192199,1124,178,-13206
15.207824,1124,258,-13228
15.223449,1130,514,-13131
15.239074,1194,164,-13233
15.254699,1201,289,-13126
15.270324,1273,403,-13197
15.285949,1231,305,-13154
15.301574,1185,33,-13156
15.317199,1265,35,-13328
15.332824,1235,732,-13038
15.348449,1339,473,-13240
15.364074,1390,239,-13319
15.379699,1294,623,-13006
15.395324,1423,523,-13260
15.410949,1426,608,-13129
15.426574,1417,771,-13108
15.442199,1673,624,-13303
15.457824,1637,473,-12960
15.473449,1558,601,-13194
15.489074,1712,821,-13328
15.504699,1710,696,-13104
15.520324,1749,362,-13438
15.535949,1723,680,-13199
15.551574,1671,1365,-12849
15.567199,2003,976,-13361
15.582824,2158,319,-13340
15.598449,1953,748,-12887
15.614074,2072,1249,-13169
15.629699,2303,783,-13328
15.645324,2164,258,-13036
15.660949,2194,744,-13122
15.676574,2408,1005,-13279
15.692199,2303,-29,-13267
15.707824,2196,-154,-13306
15.723449,2221,1139,-13145
15.739074,2280,814,-13097
15.754699,2360,-288,-13378
15.770324,2192,864,-13170
15.785949,2124,1656,-12833
15.801574,2513,123,-13297
15.817199,2551,49,-13385
15.832824,2203,1417,-12833
15.848449,2456,614,-13208
15.864074,2608,-320,-13436
15.879699,2265,837,-12867
15.895324,2506,978,-13261
15.910949,2669,-218,-13472
15.926574,2264,433,-12876
15.942199,2488,1223,-13236
15.957824,2733,32,-13299
15.973449,2421,82,-12928
15.989074,2567,1142,-13336
16.004699,2687,351,-13178
16.020324,2537,191,-13047
16.035949,2694,1199,-13299
16.051574,2808,623,-13106
16.067199,2853,237,-13183
16.082824,2851,1053,-13178
16.098449,2872,792,-13183
16.114074,2994,282,-13226
16.129699,2997,698,-13094
16.145324,3081,683,-13285
16.160949,3083,298,-13153
16.176574,3254,130,-13183
16.192199,3583,235,-13474
16.207824,3151,824,-12920
16.223449,3079,939,-12913
16.239074,3672,482,-13419
16.254699,3592,387,-13117
16.270324,3563,341,-13113
16.285949,3762,262,-13295
16.301574,3667,398,-13140
16.317199,3794,516,-13229
16.332824,3878,669,-13158
16.348449,3908,694,-13056
16.364074,4187,608,-13219
16.379699,4233,607,-13133
16.395324,4247,587,-13111
16.410949,4486,624,-13229
16.426574,4561,603,-13145
16.442199,4560,535,-13124
16.457824,4769,528,-13190
16.473449,4920,542,-13161
16.489074,4888,512,-13133
16.504699,5045,424,-13174
16.520324,5152,551,-13140
16.535949,5126,505,-13153
16.551574,5308,294,-13222
16.567199,5365,533,-13153
16.582824,5324,698,-13169
16.598449,5435,573,-13158
16.614074,5506,626,-13092
16.629699,5656,751,-13185
16.645324,5776,755,-13135
16.660949,5770,630,-13081
16.676574,5893,460,-13194
16.692199,5924,353,-13154
16.707824,5854,249,-13211
16.723449,5842,205,-13260
16.739074,5690,226,-13017
16.754699,5633,226,-13110
16.770324,5740,233,-13388
16.785949,5638,416,-13161
16.801574,5481,733,-12965
16.817199,5638,846,-13224
16.832824,5772,824,-13244
16.848449,5667,835,-13015
16.864074,5815,842,-13204
16.879699,5999,667,-13267
16.895324,5911,619,-12995
16.910949,6002,985,-13192
16.926574,6233,1114,-13208
16.942199,6320,923,-12992
16.957824,6431,823,-13233
16.973449,6540,765,-13117
16.989074,6634,673,-12992
17.004699,6758,576,-13236
17.020324,6761,710,-13190
17.035949,6836,848,-13063
17.051574,6997,664,-13099
17.067199,7061,717,-13190
17.082824,7177,823,-13172
17.098449,7333,626,-13113
17.114074,7402,615,-13142
17.129699,7611,619,-13158
17.145324,7799,541,-13147
17.160949,7620,380,-13053
17.176574,7650,57,-13065
17.192199,7966,48,-13265
17.207824,7818,69,-13167
17.223449,7615,0,-13079
17.239074,7824,242,-13219
17.254699,7856,335,-13135
17.270324,7809,296,-13160
17.285949,7863,235,-13188
17.301574,7806,60,-13110
17.317199,7775,48,-13222
17.332824,7738,-81,-13190
17.348449,7668,-270,-13120
17.364074,7572,-295,-13233
17.379699,7381,-320,-13185
17.395324,7184,-261,-13076
17.410949,7040,-125,-13186
17.426574,6908,-140,-13178
17.442199,6729,-122,-13072
17.457824,6602,-50,-13203
17.473449,6565,-275,-13176
17.489074,6370,-170,-13019
17.504699,6151,98,-13136
17.520324,6156,-86,-13244
17.535949,6018,1,-13119
17.551574,5815,76,-13058
17.567199,5810,-50,-13236
17.582824,5617,103,-13279
17.598449,5333,123,-13078
17.614074,5227,-42,-13165
17.629699,5163,-249,-13338
17.645324,5029,-420,-13126
17.660949,4860,-370,-13106
17.676574,4738,-361,-13295
17.692199,4486,-449,-13161
17.707824,4254,-472,-13170
17.723449,4181,-495,-13269
17.739074,3990,-518,-13129
17.754699,3763,-452,-13161
17.770324,3612,-320,-13179
17.785949,3492,-322,-13178
17.801574,3388,-459,-13220
17.817199,3303,-542,-13135
17.832824,3199,-620,-13199
17.848449,2912,-579,-13219
17.864074,2751,-538,-13088
17.879699,2933,-888,-13176
17.895324,2706,-847,-13213
17.910949,2258,-515,-13078
17.926574,2367,-938,-13220
17.942199,2255,-1033,-13254
17.957824,1830,-450,-13069
17.973449,1910,-822,-13219
17.989074,1860,-1361,-13286
18.004699,1453,-683,-13111
18.020324,1503,-295,-13195
18.035949,1623,-1150,-13286
18.051574,1278,-1575,-13149
18.067199,1135,-645,-13161
18.082824,1264,-443,-13278
18.098449,1039,-1288,-13178
18.114074,842,-1024,-13129
18.129699,985,-634,-13272
18.145446,832,-906,-13197
18.161071,621,-922,-13101
18.176696,783,-1049,-13288
18.192321,640,-841,-13236
18.207946,421,-508,-13086
18.223571,662,-986,-13279
18.239196,573,-1468,-13253
18.254821,258,-1102,-13101
18.270446,435,-454,-13294
18.286071,455,-547,-13265
18.301696,192,-936,-13085
18.317321,341,-933,-13278
18.332946,380,-1047,-13279
18.348571,124,-1227,-13081
18.364196,289,-1136,-13270
18.379821,382,-1122,-13267
18.395446,148,-1156,-13081
18.411071,280,-993,-13299
18.426696,355,-820,-13269
18.442321,148,-681,-13070
18.457946,285,-408,-13290
18.473571,360,-131,-13251
18.489196,198,-6,-13045
18.504821,337,237,-13281
18.520446,355,535,-13281
18.536071,123,560,-13078
18.551696,205,621,-13260
18.567321,251,810,-13260
18.582946,58,778,-13083
18.598571,182,758,-13247
18.614196,326,896,-13283
18.629821,169,887,-13094
18.645446,233,826,-13179
18.661071,324,748,-13263
18.676696,142,574,-13106
18.692321,178,467,-13174
18.707946,269,342,-13285
18.723571,96,126,-13135
18.739196,155,-31,-13192
18.754821,316,-154,-13279
18.770446,180,-331,-13128
18.786071,235,-429,-13217
18.801696,396,-492,-13297
18.817321,214,-604,-13101
18.832946,182,-629,-13199
18.848571,294,-592,-13310
18.864196,133,-579,-13106
18.879821,130,-490,-13197
18.895446,267,-358,-13299
18.911071,167,-268,-13108
18.926696,210,-122,-13210
18.942321,348,53,-13286
18.957946,242,166,-13094
18.973571,267,298,-13186
18.989196,374,419,-13267
19.004821,241,482,-13115
19.020446,210,544,-13185
19.036071,283,571,-13247
19.051696,146,567,-13124
19.067321,94,576,-13190
19.082946,182,546,-13267
19.098571,112,466,-13138
19.114196,130,399,-13178
19.129821,271,324,-13256
19.145324,241,187,-13131
19.160949,266,67,-13167
19.176574,353,-31,-13278
19.192199,246,-154,-13161
19.207824,226,-245,-13170
19.223449,289,-308,-13286
19.239074,164,-359,-13153
19.254699,148,-354,-13158
19.270324,237,-354,-13299
19.285949,153,-384,-13161
19.301574,192,-342,-13151
19.317199,317,-250,-13285
19.332824,219,-209,-13158
19.348449,228,-125,-13147
19.364074,353,-4,-13278
19.379699,217,66,-13170
19.395324,166,174,-13128
19.410949,312,278,-13247
19.426574,187,312,-13183
19.442199,85,391,-13151
19.457824,253,460,-13244
19.473449,194,432,-13185
19.489074,117,426,-13165
19.504699,299,433,-13244
19.520324,258,360,-13188
19.535949,153,282,-13165
19.551574,292,232,-13240
19.567199,244,158,-13192
19.582824,101,80,-13149
19.598449,216,32,-13244
19.614074,232,-50,-13201
19.629699,126,-133,-13120
19.645324,241,-143,-13240
19.660949,285,-209,-13228
19.676574,180,-275,-13126
19.692199,267,-238,-13256
19.707824,303,-234,-13236
19.723449,182,-233,-13115
19.739074,246,-154,-13261
19.754699,251,-108,-13228
19.770324,112,-75,-13097
19.785949,207,21,-13269
19.801574,251,99,-13240
19.817199,132,151,-13104
19.832824,230,221,-13236
19.848449,283,251,-13226
19.864074,182,251,-13126
19.879699,264,289,-13204
19.895324,274,317,-13201
19.910949,149,298,-13158
19.926574,226,296,-13233
19.942199,267,282,-13204
19.957824,155,217,-13138
19.973449,198,182,-13206
19.989074,257,135,-13220
20.004699,166,74,-13106
20.020324,203,51,-13156
20.035949,269,-24,-13329
20.051574,176,-67,-13149
20.067199,258,-75,-13076
20.082824,339,-145,-13320
20.098449,105,-86,-13178
20.114074,174,-59,-13090
20.129699,364,-175,-13324
20.145324,105,-204,-13172
20.160949,151,-124,-13126
20.176574,360,-45,-13336
20.192199,89,-31,-13126
20.207824,133,48,-13138
20.223449,391,139,-13360
20.239074,135,108,-13099
20.254699,132,174,-13129
20.270324,383,273,-13347
20.285949,148,217,-13092
20.301574,112,232,-13161
20.317199,364,298,-13370
20.332824,167,228,-13070
20.348449,130,205,-13117
20.364074,387,228,-13370
20.379699,187,146,-13099
20.395324,94,121,-13101
20.410949,357,117,-13372
20.426574,194,1,-13149
20.442199,94,-18,-13095
20.457824,355,10,-13338
20.473449,192,-68,-13151
20.489074,89,-67,-13083
20.504699,376,-11,-13324
20.520324,235,-63,-13154
20.535949,108,-93,-13090
20.551574,403,-52,-13356
20.567199,253,-79,-13185
20.582824,41,-83,-13069
20.598449,321,7,-13311
20.614074,244,3,-13179
20.629699,49,8,-13076
20.645324,305,128,-13313
20.660949,273,137,-13199
20.676574,99,133,-13079
20.692199,339,235,-13297
20.707824,294,216,-13183
20.723449,44,167,-13069
20.739074,242,233,-13303
20.754699,262,198,-13215
20.770324,53,99,-13092
20.785949,255,101,-13304
20.801574,303,91,-13231
20.817199,98,60,-13101
20.832824,262,92,-13294
20.848449,301,99,-13238
20.864074,64,49,-13092
20.879699,167,28,-13256
20.895324,244,-6,-13235
20.910949,110,-81,-13103
20.926574,266,-95,-13256
20.942199,367,-81,-13251
20.957824,201,-100,-13103
20.973449,266,-77,-13238
20.989074,328,-29,-13261
21.004699,123,1,-13103
21.020324,157,94,-13224
21.035949,257,157,-13265
21.051574,110,148,-13092
21.067199,162,185,-13222
21.082824,251,187,-13283
21.098449,112,126,-13094
21.114074,187,128,-13208
21.129699,291,124,-13278
21.145324,162,82,-13088
21.160949,248,96,-13197
21.176574,337,114,-13286
21.192199,169,76,-13108
21.207824,192,89,-13192
21.223449,241,139,-13251
21.239074,92,89,-13138
21.254699,139,32,-13224
21.270324,248,33,-13229
21.285949,157,-20,-13153
21.301574,185,-59,-13226
21.317199,314,-38,-13213
21.332824,269,-54,-13160
21.348449,253,-54,-13199
21.364074,317,5,-13188
21.379699,210,14,-13199
21.395324,87,16,-13210
21.410949,155,74,-13190
21.426574,203,96,-13213
21.442199,182,89,-13192
21.457824,282,110,-13167
21.473449,337,132,-13204
21.489074,242,119,-13186
21.504699,246,124,-13174
21.520324,257,128,-13206
21.535949,130,89,-13195
21.551574,119,94,-13208
21.567199,174,133,-13206
21.582824,101,121,-13183
21.598449,107,119,-13210
21.614074,230,117,-13194
21.629699,246,71,-13183
21.645324,221,42,-13208
21.660949,285,35,-13194
21.676574,258,0,-13192
21.692199,158,-9,-13206
21.707824,180,26,-13181
21.723449,192,23,-13186
21.739074,160,3,-13220
21.754699,228,32,-13201
21.770324,264,60,-13179
21.785949,223,44,-13206
21.801574,280,19,-13219
21.817199,314,19,-13183
21.832824,228,17,-13181
21.848449,198,33,-13219
21.864074,203,76,-13174
21.879699,164,110,-13170
21.895324,151,130,-13226
21.910949,189,139,-13167
21.926574,230,157,-13169
21.942199,219,158,-13236
21.957824,199,130,-13178
21.973449,237,108,-13176
21.989074,237,64,-13220
22.004699,201,30,-13174
22.020324,233,48,-13204
22.035949,223,37,-13220
22.051574,169,16,-13167
22.067199,217,57,-13201
22.082824,224,82,-13195
22.098449,187,53,-13167
22.114074,248,49,-13224
22.129699,237,46,-13195
22.145324,203,17,-13158
22.160949,258,10,-13226
22.176574,242,5,-13206
22.192199,187,10,-13156
22.207824,210,26,-13210
22.223449,228,33,-13217
22.239074,198,66,-13183
22.254699,208,110,-13217
22.270324,214,107,-13217
22.285949,182,94,-13154
22.301574,199,110,-13217
22.317199,192,112,-13249
22.332824,164,96,-13129
22.348449,233,99,-13186
22.364074,242,83,-13278
22.379699,180,71,-13144
22.395324,239,96,-13172
22.410949,253,71,-13281
22.426574,164,49,-13144
22.442199,224,91,-13174
22.457824,251,80,-13274
22.473449,139,46,-13128
22.489074,224,67,-13188
22.504699,292,49,-13286
22.520324,142,7,-13120
22.535949,233,21,-13194
22.551574,324,19,-13290
22.567199,124,-8,-13104
22.582824,196,33,-13197
22.598449,303,53,-13301
22.614074,99,23,-13097
22.629699,169,87,-13190
22.645324,305,121,-13286
22.660949,123,66,-13110
22.676574,182,101,-13199
22.692199,317,130,-13285
22.707824,114,57,-13126
22.723449,144,76,-13194
22.739074,324,116,-13288
22.754699,192,62,-13111
22.770324,258,92,-13174
22.785949,391,114,-13283
22.801574,153,46,-13113
22.817199,242,76,-13269
22.832824,316,74,-13281
22.848449,-11,0,-13019
22.864074,174,71,-13265
22.879699,278,112,-13251
22.895324,66,98,-13051
22.910949,383,178,-13344
22.926574,339,153,-13203
22.942199,37,146,-13001
22.957824,364,158,-13342
22.973449,348,-140,-13258
22.989074,51,-338,-13081
23.004699,203,-225,-13281
23.020324,212,-111,-13210
23.035949,82,28,-13135
23.051574,244,19,-13235
23.067199,391,-22,-13267
23.082824,87,98,-13183
23.098449,155,-361,-12894
23.114074,235,-34,-12870
23.129699,-552,1015,-12772
23.145324,-447,435,-12594
23.160949,374,124,-13228
23.176574,310,446,-13411
23.192199,-49,174,-12969
23.207824,164,126,-13249
23.223449,292,-27,-13265
23.239074,166,10,-13069
23.254699,373,412,-13229
23.270324,399,232,-13020
23.285949,348,41,-13067
23.301574,349,378,-13229
23.317199,187,410,-13140
23.332824,267,73,-13272
23.348449,246,-72,-13174
23.364074,180,130,-13151
23.379699,335,439,-13306
23.395324,237,473,-13099
23.410949,210,291,-13176
23.426574,351,12,-13278
23.442199,364,-122,-13092
23.457824,-13,355,-13422
23.473449,-183,626,-13536
23.489074,273,99,-13278
23.504699,294,-117,-13154
23.520324,423,299,-12887
23.535949,689,499,-13029
23.551574,123,117,-13231
23.567199,108,-140,-13117
23.582824,735,-45,-13347
23.598449,-529,-570,-13442
23.614074,-1350,-590,-13038
23.629699,126,241,-12919
23.645324,541,226,-13267
23.660949,41,19,-13244
23.676574,16,-2,-13024
23.692199,255,-281,-13258
23.707824,353,-445,-13267
23.723449,210,-320,-13115
23.739074,226,-49,-13206
23.754699,224,196,-13203
23.770324,269,344,-13215
23.785949,385,387,-13294
23.801574,346,292,-13240
23.817199,198,17,-13163
23.832824,274,-320,-13299
23.848449,278,-399,-13174
23.864074,17,80,-12954
23.879699,260,541,-13285
23.895324,398,444,-13290
23.910949,166,326,-13101
23.926574,391,298,-13342
23.942199,403,144,-13267
23.957824,76,89,-13047
23.973449,174,96,-13220
23.989074,319,42,-13242
24.004699,83,30,-12954
24.020324,85,-70,-13092
24.035949,292,-163,-13290
24.051574,196,91,-13183
24.067199,430,216,-13440
24.082824,619,-43,-13349
24.098449,237,33,-12940
24.114074,183,174,-13183
24.129699,316,-211,-13240
24.145324,257,-211,-13072
24.160949,380,321,-13424
24.176574,487,242,-13422
24.192199,328,-140,-12974
24.207824,257,71,-13042
24.223449,414,226,-13308
24.239074,289,55,-13222
24.254699,149,316,-13160
24.270324,441,507,-13279
24.285949,505,48,-13203
24.301574,132,-150,-13022
24.317199,133,114,-13011
24.332824,389,48,-13353
24.348449,10,-18,-13485
24.364074,-9,321,-13147
24.379699,453,549,-13165
24.395324,391,433,-13342
24.410949,341,189,-13363
24.426574,282,130,-13281
24.442199,182,155,-13054
24.457824,328,108,-13103
24.473449,385,-79,-13251
24.489074,317,-170,-13174
24.504699,335,185,-13194
24.520324,378,217,-13210
24.535949,282,-86,-13120
24.551574,219,49,-13251
24.567199,267,301,-13261
24.582824,205,267,-13079
24.598449,224,96,-13236
24.614074,292,114,-13278
24.629699,196,148,-13074
24.645324,233,60,-13136
24.660949,249,85,-13220
24.676574,198,-43,-13294
24.692199,323,-190,-13326
24.707824,346,-15,-13183
24.723449,253,124,-13126
24.739074,321,78,-13195
24.754699,382,55,-13247
; 24 stopping logging: shutdown: switched off
