,,,,,,,,,,,
nSamples,,,,,,,deltaT 10 rots,,,,
1517,,,,,,,8.4,,,,
,,,,,,,,,,,
duration (s),,Time (s),Acceleration (m/s2),,,,T,,,,
30.340,,t ,x,y ,z,,0.84,,,,
,,0.054,2.565,-0.479,9.097,,,,,,
deltaT (ms),,0.074,2.512,-0.665,9.082,,omega,,,,
0.020,,0.095,2.503,-0.632,9.106,,7.479982509,,,,
,,0.115,2.488,-0.641,9.106,, ,,,,
sampleRate (Hz),,0.135,2.417,-0.574,9.082,,a_avg,,,,
50.0,,0.156,2.426,-0.388,9.207,,2.8,,,,
,,0.176,2.417,-0.641,9.235,,,,,,
firstDataColumn,,0.196,2.373,-0.746,9.073,,r (m),,,,
4,,0.217,2.436,-0.584,9.010,,0.050044559,,,,
,,0.237,2.330,-0.727,9.116,,,,,,
firstDataRow,,0.258,2.211,-0.847,9.336,, ,,,,
7,,0.278,2.283,-0.828,9.245,,,,,,
,,0.298,2.306,-0.847,9.106,,,,,,
,,0.319,2.254,-0.746,9.216,,,,,,
,,0.339,2.196,-0.608,9.207,,,,,,
,,0.359,2.211,-0.627,9.140,,,,,,
,,0.380,2.239,-0.651,9.159,,,,,,
,,0.400,2.153,-0.565,9.207,,,,,,
,,0.421,2.086,-0.479,9.226,,,,,,
,,0.441,2.120,-0.469,9.082,,,,,,
,,0.461,2.177,-0.464,9.073,,,,,,
,,0.482,2.091,-0.426,9.216,,,,,,
,,0.502,2.058,-0.378,9.183,,,,,,
,,0.522,2.163,-0.368,9.168,,,,,,
,,0.543,2.129,-0.412,9.207,,,,,,
,,0.563,2.163,-0.368,9.116,,,,,,
,,0.584,2.230,-0.258,9.087,,,,,,
,,0.604,2.177,-0.215,9.216,,,,,,
,,0.624,2.263,-0.258,9.183,,,,,,
,,0.645,2.350,-0.225,9.125,,,,,,
,,0.665,2.326,-0.153,9.116,,,,,,
,,0.685,2.393,-0.206,9.087,,,,,,
,,0.706,2.488,-0.258,9.149,,,,,,
,,0.726,2.436,-0.196,9.168,,,,,,
,,0.747,2.383,-0.249,9.125,,,,,,
,,0.767,2.555,-0.388,9.159,,,,,,
,,0.787,2.699,-0.325,9.173,,,,,,
,,0.808,2.718,-0.206,9.202,,,,,,
,,0.828,2.775,-0.249,9.140,,,,,,
,,0.848,2.771,-0.230,9.039,,,,,,
,,0.869,2.708,-0.086,9.149,,,,,,
,,0.889,2.622,-0.120,9.245,,,,,,
,,0.910,2.598,-0.301,9.235,,,,,,
,,0.930,2.622,-0.388,9.235,,,,,,
,,0.950,2.613,-0.498,9.149,,,,,,
,,0.971,2.598,-0.555,9.159,,,,,,
,,0.991,2.555,-0.531,9.183,,,,,,
,,1.011,2.536,-0.589,9.130,,,,,,
,,1.032,2.522,-0.589,9.116,,,,,,
,,1.052,2.479,-0.522,9.159,,,,,,
,,1.072,2.460,-0.617,9.183,,,,,,
,,1.093,2.393,-0.660,9.173,,,,,,
,,1.113,2.306,-0.574,9.202,,,,,,
,,1.134,2.263,-0.641,9.202,,,,,,
,,1.154,2.211,-0.727,9.192,,,,,,
,,1.174,2.163,-0.708,9.183,,,,,,
,,1.195,2.211,-0.828,9.140,,,,,,
,,1.215,2.187,-0.828,9.168,,,,,,
,,1.235,2.043,-0.660,9.192,,,,,,
,,1.256,2.091,-0.675,9.235,,,,,,
,,1.276,2.196,-0.718,9.226,,,,,,
,,1.297,2.153,-0.617,9.087,,,,,,
,,1.317,2.129,-0.574,9.082,,,,,,
,,1.337,2.134,-0.617,9.130,,,,,,
,,1.358,2.077,-0.565,9.168,,,,,,
,,1.378,2.024,-0.426,9.192,,,,,,
,,1.398,2.110,-0.392,9.173,,,,,,
,,1.419,2.163,-0.388,9.125,,,,,,
,,1.439,2.120,-0.392,9.106,,,,,,
,,1.460,2.172,-0.392,9.173,,,,,,
,,1.480,2.230,-0.316,9.202,,,,,,
,,1.500,2.187,-0.206,9.216,,,,,,
,,1.521,2.163,-0.163,9.216,,,,,,
,,1.541,2.196,-0.153,9.168,,,,,,
,,1.561,2.263,-0.129,9.226,,,,,,
,,1.582,2.330,-0.153,9.288,,,,,,
,,1.602,2.369,-0.182,9.173,,,,,,
,,1.623,2.436,-0.187,9.140,,,,,,
,,1.643,2.503,-0.215,9.216,,,,,,
,,1.663,2.512,-0.258,9.207,,,,,,
,,1.684,2.570,-0.273,9.140,,,,,,
,,1.704,2.665,-0.282,9.049,,,,,,
,,1.725,2.708,-0.301,9.073,,,,,,
,,1.745,2.708,-0.325,9.106,,,,,,
,,1.765,2.718,-0.196,9.140,,,,,,
,,1.786,2.761,-0.148,9.278,,,,,,
,,1.806,2.699,-0.325,9.207,,,,,,
,,1.826,2.641,-0.402,9.125,,,,,,
,,1.847,2.641,-0.412,9.235,,,,,,
,,1.867,2.608,-0.498,9.202,,,,,,
,,1.888,2.608,-0.589,9.159,,,,,,
,,1.908,2.651,-0.660,9.202,,,,,,
,,1.928,2.536,-0.608,9.168,,,,,,
,,1.949,2.436,-0.565,9.140,,,,,,
,,1.969,2.460,-0.608,9.202,,,,,,
,,1.989,2.373,-0.608,9.173,,,,,,
,,2.010,2.350,-0.632,9.082,,,,,,
,,2.030,2.369,-0.675,9.125,,,,,,
,,2.051,2.249,-0.660,9.183,,,,,,
,,2.071,2.172,-0.737,9.183,,,,,,
,,2.091,2.239,-0.837,9.159,,,,,,
,,2.112,2.254,-0.828,9.116,,,,,,
,,2.132,2.153,-0.780,9.149,,,,,,
,,2.152,2.129,-0.675,9.168,,,,,,
,,2.173,2.163,-0.627,9.149,,,,,,
,,2.193,2.163,-0.608,9.168,,,,,,
,,2.214,2.163,-0.531,9.140,,,,,,
,,2.234,2.153,-0.488,9.039,,,,,,
,,2.254,2.101,-0.469,9.087,,,,,,
,,2.275,2.086,-0.455,9.235,,,,,,
,,2.295,2.010,-0.378,9.245,,,,,,
,,2.315,1.981,-0.335,9.130,,,,,,
,,2.336,2.086,-0.412,9.063,,,,,,
,,2.356,2.163,-0.469,9.116,,,,,,
,,2.377,2.177,-0.435,9.130,,,,,,
,,2.397,2.273,-0.306,9.116,,,,,,
,,2.417,2.306,-0.196,9.159,,,,,,
,,2.438,2.196,-0.172,9.183,,,,,,
,,2.458,2.263,-0.172,9.106,,,,,,
,,2.478,2.383,-0.120,9.063,,,,,,
,,2.499,2.297,-0.153,9.168,,,,,,
,,2.519,2.316,-0.230,9.207,,,,,,
,,2.540,2.436,-0.225,9.168,,,,,,
,,2.560,2.503,-0.273,9.173,,,,,,
,,2.580,2.579,-0.325,9.149,,,,,,
,,2.601,2.598,-0.268,9.116,,,,,,
,,2.621,2.622,-0.239,9.192,,,,,,
,,2.641,2.665,-0.268,9.202,,,,,,
,,2.662,2.641,-0.182,9.149,,,,,,
,,2.682,2.732,-0.129,9.116,,,,,,
,,2.703,2.699,-0.249,9.140,,,,,,
,,2.723,2.570,-0.345,9.173,,,,,,
,,2.743,2.651,-0.388,9.125,,,,,,
,,2.764,2.641,-0.455,9.140,,,,,,
,,2.784,2.546,-0.531,9.159,,,,,,
,,2.804,2.570,-0.627,9.168,,,,,,
,,2.825,2.531,-0.651,9.183,,,,,,
,,2.845,2.426,-0.584,9.192,,,,,,
,,2.866,2.460,-0.632,9.216,,,,,,
,,2.886,2.445,-0.684,9.202,,,,,,
,,2.906,2.373,-0.627,9.140,,,,,,
,,2.927,2.393,-0.627,9.130,,,,,,
,,2.947,2.340,-0.665,9.168,,,,,,
,,2.967,2.239,-0.708,9.168,,,,,,
,,2.988,2.101,-0.737,9.226,,,,,,
,,3.008,2.144,-0.785,9.168,,,,,,
,,3.029,2.239,-0.823,9.049,,,,,,
,,3.049,2.091,-0.761,9.149,,,,,,
,,3.069,2.129,-0.727,9.168,,,,,,
,,3.090,2.249,-0.703,9.097,,,,,,
,,3.110,2.120,-0.565,9.183,,,,,,
,,3.130,2.067,-0.479,9.259,,,,,,
,,3.151,2.086,-0.574,9.173,,,,,,
,,3.171,2.067,-0.574,9.116,,,,,,
,,3.192,2.110,-0.445,9.192,,,,,,
,,3.212,2.134,-0.359,9.207,,,,,,
,,3.232,2.091,-0.225,9.173,,,,,,
,,3.253,2.091,-0.239,9.226,,,,,,
,,3.273,2.129,-0.402,9.245,,,,,,
,,3.293,2.134,-0.335,9.202,,,,,,
,,3.314,2.172,-0.215,9.106,,,,,,
,,3.334,2.249,-0.249,9.149,,,,,,
,,3.355,2.330,-0.215,9.226,,,,,,
,,3.375,2.350,-0.182,9.130,,,,,,
,,3.395,2.373,-0.249,9.130,,,,,,
,,3.416,2.402,-0.206,9.235,,,,,,
,,3.436,2.426,-0.215,9.207,,,,,,
,,3.457,2.503,-0.316,9.140,,,,,,
,,3.477,2.522,-0.282,9.168,,,,,,
,,3.497,2.546,-0.239,9.125,,,,,,
,,3.518,2.665,-0.239,9.054,,,,,,
,,3.538,2.728,-0.215,9.130,,,,,,
,,3.558,2.699,-0.230,9.149,,,,,,
,,3.579,2.699,-0.139,9.140,,,,,,
,,3.599,2.589,-0.062,9.159,,,,,,
,,3.620,2.450,-0.206,9.116,,,,,,
,,3.640,2.450,-0.359,9.125,,,,,,
,,3.660,2.503,-0.435,9.149,,,,,,
,,3.681,2.570,-0.507,9.173,,,,,,
,,3.701,2.598,-0.617,9.183,,,,,,
,,3.721,2.555,-0.660,9.063,,,,,,
,,3.742,2.512,-0.632,9.097,,,,,,
,,3.762,2.536,-0.675,9.216,,,,,,
,,3.783,2.488,-0.718,9.173,,,,,,
,,3.803,2.350,-0.651,9.106,,,,,,
,,3.823,2.373,-0.641,9.097,,,,,,
,,3.844,2.417,-0.627,9.168,,,,,,
,,3.864,2.249,-0.584,9.207,,,,,,
,,3.884,2.153,-0.660,9.159,,,,,,
,,3.905,2.230,-0.746,9.140,,,,,,
,,3.925,2.230,-0.770,9.216,,,,,,
,,3.946,2.196,-0.828,9.226,,,,,,
,,3.966,2.134,-0.751,9.226,,,,,,
,,3.986,2.144,-0.660,9.168,,,,,,
,,4.007,2.187,-0.708,9.082,,,,,,
,,4.027,2.058,-0.627,9.183,,,,,,
,,4.047,2.053,-0.512,9.202,,,,,,
,,4.068,2.144,-0.546,9.082,,,,,,
,,4.088,2.077,-0.507,9.173,,,,,,
,,4.109,2.053,-0.402,9.245,,,,,,
,,4.129,2.101,-0.349,9.097,,,,,,
,,4.149,2.086,-0.301,9.097,,,,,,
,,4.170,2.086,-0.325,9.173,,,,,,
,,4.190,2.220,-0.368,9.159,,,,,,
,,4.210,2.283,-0.282,9.226,,,,,,
,,4.231,2.163,-0.148,9.226,,,,,,
,,4.251,2.196,-0.105,9.183,,,,,,
,,4.271,2.393,-0.148,9.207,,,,,,
,,4.292,2.359,-0.120,9.192,,,,,,
,,4.312,2.283,-0.153,9.183,,,,,,
,,4.333,2.479,-0.268,9.168,,,,,,
,,4.353,2.589,-0.282,9.106,,,,,,
,,4.373,2.579,-0.292,9.130,,,,,,
,,4.394,2.699,-0.301,9.159,,,,,,
,,4.414,2.785,-0.239,9.116,,,,,,
,,4.434,2.708,-0.258,9.106,,,,,,
,,4.455,2.689,-0.258,9.159,,,,,,
,,4.475,2.708,-0.105,9.202,,,,,,
,,4.496,2.622,-0.053,9.159,,,,,,
,,4.516,2.632,-0.182,9.168,,,,,,
,,4.536,2.641,-0.306,9.235,,,,,,
,,4.557,2.503,-0.368,9.192,,,,,,
,,4.577,2.469,-0.426,9.168,,,,,,
,,4.597,2.503,-0.512,9.245,,,,,,
,,4.618,2.493,-0.608,9.226,,,,,,
,,4.638,2.445,-0.627,9.130,,,,,,
,,4.659,2.359,-0.627,9.168,,,,,,
,,4.679,2.402,-0.660,9.173,,,,,,
,,4.699,2.417,-0.684,9.106,,,,,,
,,4.720,2.359,-0.708,9.159,,,,,,
,,4.740,2.330,-0.665,9.159,,,,,,
,,4.760,2.340,-0.617,9.097,,,,,,
,,4.781,2.297,-0.684,9.130,,,,,,
,,4.801,2.110,-0.751,9.159,,,,,,
,,4.822,2.053,-0.751,9.168,,,,,,
,,4.842,2.129,-0.780,9.173,,,,,,
,,4.862,2.110,-0.794,9.159,,,,,,
,,4.883,2.177,-0.746,9.173,,,,,,
,,4.903,2.172,-0.665,9.202,,,,,,
,,4.923,2.024,-0.617,9.149,,,,,,
,,4.944,2.086,-0.565,9.140,,,,,,
,,4.964,2.163,-0.498,9.140,,,,,,
,,4.985,2.101,-0.479,9.054,,,,,,
,,5.005,2.077,-0.426,9.130,,,,,,
,,5.025,2.077,-0.345,9.226,,,,,,
,,5.046,2.034,-0.368,9.149,,,,,,
,,5.066,2.091,-0.421,9.073,,,,,,
,,5.086,2.163,-0.335,9.063,,,,,,
,,5.107,2.134,-0.273,9.173,,,,,,
,,5.127,2.177,-0.268,9.235,,,,,,
,,5.148,2.220,-0.153,9.216,,,,,,
,,5.168,2.187,-0.086,9.192,,,,,,
,,5.188,2.249,-0.105,9.116,,,,,,
,,5.209,2.340,-0.182,9.149,,,,,,
,,5.229,2.383,-0.273,9.269,,,,,,
,,5.249,2.402,-0.249,9.288,,,,,,
,,5.270,2.383,-0.273,9.235,,,,,,
,,5.290,2.383,-0.325,9.149,,,,,,
,,5.311,2.555,-0.258,9.073,,,,,,
,,5.331,2.708,-0.282,9.054,,,,,,
,,5.351,2.708,-0.306,9.073,,,,,,
,,5.372,2.728,-0.249,9.087,,,,,,
,,5.392,2.708,-0.187,9.130,,,,,,
,,5.412,2.665,-0.153,9.183,,,,,,
,,5.433,2.641,-0.187,9.149,,,,,,
,,5.453,2.565,-0.306,9.082,,,,,,
,,5.474,2.488,-0.445,9.116,,,,,,
,,5.494,2.436,-0.488,9.183,,,,,,
,,5.514,2.460,-0.555,9.106,,,,,,
,,5.535,2.522,-0.660,9.063,,,,,,
,,5.555,2.488,-0.665,9.207,,,,,,
,,5.575,2.436,-0.660,9.159,,,,,,
,,5.596,2.469,-0.665,9.063,,,,,,
,,5.616,2.493,-0.694,9.106,,,,,,
,,5.636,2.426,-0.761,9.116,,,,,,
,,5.657,2.369,-0.813,9.159,,,,,,
,,5.677,2.283,-0.684,9.183,,,,,,
,,5.698,2.177,-0.627,9.168,,,,,,
,,5.718,2.144,-0.718,9.192,,,,,,
,,5.738,2.086,-0.746,9.183,,,,,,
,,5.759,2.077,-0.780,9.130,,,,,,
,,5.779,2.091,-0.828,9.159,,,,,,
,,5.799,2.067,-0.746,9.207,,,,,,
,,5.820,2.086,-0.608,9.202,,,,,,
,,5.840,2.091,-0.555,9.235,,,,,,
,,5.861,2.086,-0.498,9.183,,,,,,
,,5.881,2.110,-0.498,9.116,,,,,,
,,5.901,2.077,-0.507,9.216,,,,,,
,,5.922,2.043,-0.359,9.235,,,,,,
,,5.942,2.067,-0.349,9.192,,,,,,
,,5.962,2.086,-0.402,9.202,,,,,,
,,5.983,2.053,-0.349,9.207,,,,,,
,,6.003,2.077,-0.421,9.202,,,,,,
,,6.024,2.187,-0.412,9.173,,,,,,
,,6.044,2.283,-0.292,9.202,,,,,,
,,6.064,2.263,-0.225,9.202,,,,,,
,,6.085,2.292,-0.163,9.173,,,,,,
,,6.105,2.350,-0.187,9.140,,,,,,
,,6.125,2.292,-0.225,9.140,,,,,,
,,6.146,2.340,-0.239,9.192,,,,,,
,,6.166,2.393,-0.225,9.140,,,,,,
,,6.186,2.359,-0.196,9.116,,,,,,
,,6.207,2.555,-0.239,9.202,,,,,,
,,6.227,2.656,-0.249,9.207,,,,,,
,,6.248,2.589,-0.196,9.168,,,,,,
,,6.268,2.656,-0.206,9.183,,,,,,
,,6.288,2.742,-0.206,9.183,,,,,,
,,6.309,2.675,-0.105,9.183,,,,,,
,,6.329,2.613,-0.153,9.168,,,,,,
,,6.349,2.641,-0.306,9.097,,,,,,
,,6.370,2.632,-0.349,9.073,,,,,,
,,6.390,2.522,-0.402,9.106,,,,,,
,,6.411,2.479,-0.507,9.149,,,,,,
,,6.431,2.450,-0.598,9.159,,,,,,
,,6.451,2.369,-0.660,9.130,,,,,,
,,6.472,2.383,-0.665,9.149,,,,,,
,,6.492,2.373,-0.641,9.202,,,,,,
,,6.512,2.369,-0.665,9.116,,,,,,
,,6.533,2.412,-0.684,9.097,,,,,,
,,6.553,2.350,-0.651,9.216,,,,,,
,,6.574,2.297,-0.675,9.192,,,,,,
,,6.594,2.254,-0.651,9.168,,,,,,
,,6.614,2.187,-0.641,9.207,,,,,,
,,6.635,2.153,-0.718,9.168,,,,,,
,,6.655,2.134,-0.727,9.140,,,,,,
,,6.675,2.172,-0.871,9.125,,,,,,
,,6.696,2.196,-0.943,9.087,,,,,,
,,6.716,2.129,-0.684,9.168,,,,,,
,,6.737,2.077,-0.608,9.168,,,,,,
,,6.757,2.067,-0.617,9.116,,,,,,
,,6.777,1.991,-0.426,9.216,,,,,,
,,6.798,1.938,-0.359,9.245,,,,,,
,,6.818,1.957,-0.435,9.173,,,,,,
,,6.838,1.957,-0.368,9.140,,,,,,
,,6.859,1.981,-0.316,9.202,,,,,,
,,6.879,2.043,-0.388,9.207,,,,,,
,,6.900,2.120,-0.435,9.106,,,,,,
,,6.920,2.153,-0.426,9.173,,,,,,
,,6.940,2.153,-0.368,9.226,,,,,,
,,6.961,2.211,-0.268,9.207,,,,,,
,,6.981,2.283,-0.172,9.226,,,,,,
,,7.001,2.393,-0.163,9.149,,,,,,
,,7.022,2.393,-0.163,9.168,,,,,,
,,7.042,2.326,-0.163,9.207,,,,,,
,,7.063,2.393,-0.206,9.173,,,,,,
,,7.083,2.450,-0.230,9.207,,,,,,
,,7.103,2.450,-0.268,9.173,,,,,,
,,7.124,2.522,-0.268,9.106,,,,,,
,,7.144,2.651,-0.258,9.202,,,,,,
,,7.164,2.708,-0.273,9.173,,,,,,
,,7.185,2.728,-0.225,9.082,,,,,,
,,7.205,2.689,-0.182,9.173,,,,,,
,,7.226,2.641,-0.110,9.073,,,,,,
,,7.246,2.684,-0.086,8.891,,,,,,
,,7.266,2.675,-0.230,9.073,,,,,,
,,7.287,2.536,-0.325,9.207,,,,,,
,,7.307,2.450,-0.421,9.140,,,,,,
,,7.327,2.479,-0.541,9.087,,,,,,
,,7.348,2.512,-0.589,9.130,,,,,,
,,7.368,2.479,-0.660,9.130,,,,,,
,,7.389,2.436,-0.703,9.159,,,,,,
,,7.409,2.412,-0.675,9.216,,,,,,
,,7.429,2.369,-0.703,9.192,,,,,,
,,7.450,2.316,-0.708,9.192,,,,,,
,,7.470,2.273,-0.660,9.183,,,,,,
,,7.490,2.239,-0.641,9.202,,,,,,
,,7.511,2.220,-0.651,9.226,,,,,,
,,7.531,2.187,-0.675,9.168,,,,,,
,,7.552,2.077,-0.718,9.192,,,,,,
,,7.572,2.077,-0.785,9.159,,,,,,
,,7.592,2.120,-0.785,9.116,,,,,,
,,7.613,2.120,-0.718,9.202,,,,,,
,,7.633,2.153,-0.703,9.183,,,,,,
,,7.653,2.134,-0.675,9.183,,,,,,
,,7.674,2.077,-0.574,9.259,,,,,,
,,7.694,2.077,-0.546,9.226,,,,,,
,,7.715,2.067,-0.574,9.159,,,,,,
,,7.735,2.024,-0.445,9.168,,,,,,
,,7.755,2.024,-0.273,9.226,,,,,,
,,7.776,2.086,-0.368,9.245,,,,,,
,,7.796,2.110,-0.512,9.125,,,,,,
,,7.816,2.172,-0.464,9.097,,,,,,
,,7.837,2.211,-0.349,9.226,,,,,,
,,7.857,2.283,-0.316,9.202,,,,,,
,,7.878,2.297,-0.215,9.192,,,,,,
,,7.898,2.273,-0.110,9.168,,,,,,
,,7.918,2.359,-0.148,9.130,,,,,,
,,7.939,2.417,-0.139,9.216,,,,,,
,,7.959,2.412,-0.206,9.130,,,,,,
,,7.979,2.436,-0.316,9.149,,,,,,
,,8.000,2.522,-0.273,9.235,,,,,,
,,8.020,2.608,-0.292,9.130,,,,,,
,,8.040,2.598,-0.282,9.106,,,,,,
,,8.061,2.656,-0.225,9.159,,,,,,
,,8.081,2.732,-0.258,9.130,,,,,,
,,8.102,2.651,-0.292,9.125,,,,,,
,,8.122,2.622,-0.206,9.149,,,,,,
,,8.142,2.689,-0.187,9.168,,,,,,
,,8.163,2.675,-0.273,9.173,,,,,,
,,8.183,2.675,-0.301,9.192,,,,,,
,,8.203,2.613,-0.378,9.202,,,,,,
,,8.224,2.479,-0.426,9.250,,,,,,
,,8.244,2.522,-0.469,9.312,,,,,,
,,8.265,2.579,-0.641,9.216,,,,,,
,,8.285,2.536,-0.694,9.087,,,,,,
,,8.305,2.570,-0.665,9.073,,,,,,
,,8.326,2.565,-0.703,9.149,,,,,,
,,8.346,2.383,-0.684,9.207,,,,,,
,,8.366,2.350,-0.651,9.168,,,,,,
,,8.387,2.412,-0.627,9.130,,,,,,
,,8.407,2.263,-0.641,9.173,,,,,,
,,8.428,2.196,-0.694,9.173,,,,,,
,,8.448,2.211,-0.684,9.183,,,,,,
,,8.468,2.153,-0.660,9.226,,,,,,
,,8.489,2.163,-0.718,9.192,,,,,,
,,8.509,2.163,-0.847,9.173,,,,,,
,,8.529,2.163,-0.804,9.168,,,,,,
,,8.550,2.206,-0.641,9.192,,,,,,
,,8.570,2.196,-0.651,9.235,,,,,,
,,8.591,2.129,-0.627,9.250,,,,,,
,,8.611,2.163,-0.498,9.168,,,,,,
,,8.631,2.211,-0.469,9.082,,,,,,
,,8.652,2.220,-0.507,9.140,,,,,,
,,8.672,2.163,-0.388,9.192,,,,,,
,,8.692,2.077,-0.316,9.106,,,,,,
,,8.713,2.172,-0.378,9.087,,,,,,
,,8.733,2.230,-0.392,9.226,,,,,,
,,8.754,2.249,-0.345,9.226,,,,,,
,,8.774,2.340,-0.215,9.159,,,,,,
,,8.794,2.373,-0.148,9.183,,,,,,
,,8.815,2.393,-0.206,9.235,,,,,,
,,8.835,2.445,-0.225,9.226,,,,,,
,,8.855,2.469,-0.187,9.250,,,,,,
,,8.876,2.531,-0.187,9.269,,,,,,
,,8.896,2.570,-0.249,9.130,,,,,,
,,8.917,2.531,-0.249,9.125,,,,,,
,,8.937,2.598,-0.182,9.082,,,,,,
,,8.957,2.718,-0.225,9.087,,,,,,
,,8.978,2.761,-0.268,9.149,,,,,,
,,8.998,2.785,-0.196,9.087,,,,,,
,,9.018,2.775,-0.187,9.130,,,,,,
,,9.039,2.742,-0.249,9.216,,,,,,
,,9.059,2.699,-0.325,9.226,,,,,,
,,9.080,2.689,-0.345,9.173,,,,,,
,,9.100,2.608,-0.345,9.073,,,,,,
,,9.120,2.503,-0.464,9.082,,,,,,
,,9.141,2.479,-0.565,9.202,,,,,,
,,9.161,2.469,-0.555,9.245,,,,,,
,,9.181,2.479,-0.708,9.192,,,,,,
,,9.202,2.469,-0.828,9.173,,,,,,
,,9.222,2.436,-0.665,9.149,,,,,,
,,9.242,2.393,-0.531,9.073,,,,,,
,,9.263,2.402,-0.684,9.106,,,,,,
,,9.283,2.369,-0.794,9.183,,,,,,
,,9.304,2.292,-0.708,9.173,,,,,,
,,9.324,2.273,-0.675,9.202,,,,,,
,,9.344,2.249,-0.703,9.269,,,,,,
,,9.365,2.196,-0.746,9.202,,,,,,
,,9.385,2.187,-0.785,9.140,,,,,,
,,9.405,2.129,-0.737,9.216,,,,,,
,,9.426,2.110,-0.708,9.235,,,,,,
,,9.446,2.153,-0.632,9.226,,,,,,
,,9.467,2.153,-0.507,9.216,,,,,,
,,9.487,2.196,-0.555,9.192,,,,,,
,,9.507,2.239,-0.541,9.216,,,,,,
,,9.528,2.206,-0.488,9.173,,,,,,
,,9.548,2.177,-0.412,9.173,,,,,,
,,9.568,2.230,-0.349,9.207,,,,,,
,,9.589,2.211,-0.445,9.216,,,,,,
,,9.609,2.196,-0.435,9.216,,,,,,
,,9.630,2.283,-0.349,9.192,,,,,,
,,9.650,2.316,-0.292,9.173,,,,,,
,,9.670,2.292,-0.225,9.149,,,,,,
,,9.691,2.297,-0.148,9.168,,,,,,
,,9.711,2.417,-0.139,9.168,,,,,,
,,9.731,2.450,-0.206,9.168,,,,,,
,,9.752,2.402,-0.196,9.173,,,,,,
,,9.772,2.512,-0.239,9.168,,,,,,
,,9.793,2.579,-0.230,9.159,,,,,,
,,9.813,2.565,-0.182,9.207,,,,,,
,,9.833,2.651,-0.225,9.202,,,,,,
,,9.854,2.665,-0.225,9.106,,,,,,
,,9.874,2.675,-0.335,9.149,,,,,,
,,9.894,2.771,-0.378,9.140,,,,,,
,,9.915,2.732,-0.225,9.125,,,,,,
,,9.935,2.699,-0.230,9.130,,,,,,
,,9.956,2.689,-0.316,9.082,,,,,,
,,9.976,2.622,-0.306,9.087,,,,,,
,,9.996,2.589,-0.412,9.173,,,,,,
,,10.017,2.570,-0.512,9.202,,,,,,
,,10.037,2.555,-0.512,9.183,,,,,,
,,10.057,2.546,-0.584,9.159,,,,,,
,,10.078,2.512,-0.694,9.149,,,,,,
,,10.098,2.426,-0.718,9.216,,,,,,
,,10.118,2.393,-0.708,9.245,,,,,,
,,10.139,2.426,-0.703,9.226,,,,,,
,,10.159,2.436,-0.665,9.235,,,,,,
,,10.180,2.369,-0.641,9.226,,,,,,
,,10.200,2.359,-0.703,9.226,,,,,,
,,10.220,2.330,-0.751,9.207,,,,,,
,,10.241,2.144,-0.703,9.168,,,,,,
,,10.261,2.134,-0.708,9.140,,,,,,
,,10.281,2.273,-0.804,9.149,,,,,,
,,10.302,2.283,-0.828,9.192,,,,,,
,,10.322,2.273,-0.751,9.097,,,,,,
,,10.343,2.292,-0.660,9.149,,,,,,
,,10.363,2.283,-0.632,9.293,,,,,,
,,10.383,2.297,-0.608,9.097,,,,,,
,,10.404,2.316,-0.531,9.149,,,,,,
,,10.424,2.206,-0.488,9.293,,,,,,
,,10.444,2.211,-0.435,9.054,,,,,,
,,10.465,2.316,-0.378,9.130,,,,,,
,,10.485,2.254,-0.378,9.355,,,,,,
,,10.506,2.292,-0.392,9.087,,,,,,
,,10.526,2.450,-0.378,8.963,,,,,,
,,10.546,2.426,-0.282,9.278,,,,,,
,,10.567,2.417,-0.258,9.250,,,,,,
,,10.587,2.613,-0.215,8.987,,,,,,
,,10.607,2.570,-0.110,9.173,,,,,,
,,10.628,2.469,-0.153,9.326,,,,,,
,,10.648,2.718,-0.182,9.106,,,,,,
,,10.669,2.775,-0.206,9.106,,,,,,
,,10.689,2.641,-0.301,9.321,,,,,,
,,10.709,2.751,-0.273,9.245,,,,,,
,,10.730,2.881,-0.225,9.006,,,,,,
,,10.750,2.881,-0.215,9.073,,,,,,
,,10.770,2.775,-0.258,9.355,,,,,,
,,10.791,2.775,-0.258,9.202,,,,,,
,,10.811,2.838,-0.230,9.006,,,,,,
,,10.831,2.732,-0.306,9.302,,,,,,
,,10.852,2.708,-0.359,9.259,,,,,,
,,10.872,2.775,-0.435,8.987,,,,,,
,,10.893,2.665,-0.522,9.278,,,,,,
,,10.913,2.598,-0.584,9.345,,,,,,
,,10.933,2.699,-0.627,8.996,,,,,,
,,10.954,2.613,-0.718,9.116,,,,,,
,,10.974,2.579,-0.785,9.355,,,,,,
,,10.994,2.641,-0.684,9.106,,,,,,
,,11.015,2.522,-0.665,9.159,,,,,,
,,11.035,2.546,-0.727,9.365,,,,,,
,,11.056,2.622,-0.703,9.054,,,,,,
,,11.076,2.546,-0.751,9.039,,,,,,
,,11.097,2.445,-0.785,9.345,,,,,,
,,11.117,2.369,-0.761,9.159,,,,,,
,,11.137,2.373,-0.780,8.987,,,,,,
,,11.158,2.359,-0.837,9.293,,,,,,
,,11.178,2.369,-0.871,9.336,,,,,,
,,11.198,2.469,-0.770,8.996,,,,,,
,,11.219,2.479,-0.708,9.063,,,,,,
,,11.239,2.373,-0.761,9.388,,,,,,
,,11.260,2.292,-0.665,9.398,,,,,,
,,11.280,2.417,-0.598,9.226,,,,,,
,,11.300,2.512,-0.546,9.020,,,,,,
,,11.321,2.460,-0.378,8.891,,,,,,
,,11.341,2.479,-0.392,8.987,,,,,,
,,11.361,2.493,-0.479,9.173,,,,,,
,,11.382,2.426,-0.435,9.336,,,,,,
,,11.402,2.460,-0.368,9.422,,,,,,
,,11.423,2.622,-0.325,9.326,,,,,,
,,11.443,2.684,-0.249,9.006,,,,,,
,,11.463,2.751,-0.148,8.876,,,,,,
,,11.484,2.804,-0.148,9.030,,,,,,
,,11.504,2.751,-0.196,9.020,,,,,,
,,11.524,2.818,-0.239,9.097,,,,,,
,,11.545,2.871,-0.282,9.278,,,,,,
,,11.565,2.847,-0.268,9.250,,,,,,
,,11.586,2.924,-0.282,9.345,,,,,,
,,11.606,3.005,-0.306,9.455,,,,,,
,,11.626,3.000,-0.239,9.369,,,,,,
,,11.647,2.967,-0.239,9.321,,,,,,
,,11.667,2.972,-0.306,9.269,,,,,,
,,11.687,3.005,-0.316,9.130,,,,,,
,,11.708,2.967,-0.292,9.020,,,,,,
,,11.728,2.914,-0.412,8.934,,,,,,
,,11.749,2.914,-0.531,9.116,,,,,,
,,11.769,2.775,-0.531,9.398,,,,,,
,,11.789,2.718,-0.617,9.398,,,,,,
,,11.810,2.809,-0.703,9.259,,,,,,
,,11.830,2.775,-0.694,9.082,,,,,,
,,11.850,2.699,-0.708,8.967,,,,,,
,,11.871,2.656,-0.703,9.173,,,,,,
,,11.891,2.622,-0.651,9.422,,,,,,
,,11.911,2.531,-0.737,9.365,,,,,,
,,11.932,2.493,-0.804,9.202,,,,,,
,,11.952,2.598,-0.703,9.039,,,,,,
,,11.973,2.536,-0.703,8.996,,,,,,
,,11.993,2.383,-0.857,9.216,,,,,,
,,12.013,2.393,-0.890,9.365,,,,,,
,,12.034,2.436,-0.866,9.302,,,,,,
,,12.054,2.436,-0.794,9.149,,,,,,
,,12.074,2.469,-0.651,9.020,,,,,,
,,12.095,2.469,-0.555,9.010,,,,,,
,,12.115,2.488,-0.589,9.087,,,,,,
,,12.135,2.536,-0.555,9.125,,,,,,
,,12.156,2.536,-0.412,9.140,,,,,,
,,12.176,2.536,-0.359,9.159,,,,,,
,,12.196,2.579,-0.359,9.183,,,,,,
,,12.217,2.622,-0.345,9.168,,,,,,
,,12.237,2.613,-0.306,9.168,,,,,,
,,12.258,2.665,-0.268,9.288,,,,,,
,,12.278,2.775,-0.230,9.192,,,,,,
,,12.298,2.771,-0.153,9.116,,,,,,
,,12.319,2.699,-0.086,9.288,,,,,,
,,12.339,2.742,-0.163,9.336,,,,,,
,,12.359,2.809,-0.273,9.288,,,,,,
,,12.380,2.742,-0.239,9.245,,,,,,
,,12.400,2.785,-0.306,9.336,,,,,,
,,12.421,2.929,-0.359,9.465,,,,,,
,,12.441,2.929,-0.249,9.408,,,,,,
,,12.461,2.972,-0.258,9.369,,,,,,
,,12.482,3.005,-0.301,9.412,,,,,,
,,12.502,2.938,-0.268,9.278,,,,,,
,,12.522,2.905,-0.258,9.168,,,,,,
,,12.543,2.948,-0.273,9.183,,,,,,
,,12.563,2.957,-0.306,9.049,,,,,,
,,12.584,2.881,-0.392,8.910,,,,,,
,,12.604,2.809,-0.507,9.073,,,,,,
,,12.624,2.775,-0.574,9.250,,,,,,
,,12.645,2.751,-0.694,9.278,,,,,,
,,12.665,2.718,-0.828,9.312,,,,,,
,,12.685,2.656,-0.770,9.259,,,,,,
,,12.706,2.656,-0.660,9.125,,,,,,
,,12.726,2.699,-0.737,9.039,,,,,,
,,12.747,2.598,-0.804,9.082,,,,,,
,,12.767,2.512,-0.727,9.235,,,,,,
,,12.787,2.503,-0.727,9.250,,,,,,
,,12.808,2.493,-0.746,9.226,,,,,,
,,12.828,2.450,-0.751,9.207,,,,,,
,,12.848,2.426,-0.761,9.082,,,,,,
,,12.869,2.488,-0.761,9.073,,,,,,
,,12.889,2.488,-0.823,9.250,,,,,,
,,12.909,2.383,-0.746,9.321,,,,,,
,,12.930,2.340,-0.608,9.293,,,,,,
,,12.950,2.383,-0.608,9.278,,,,,,
,,12.971,2.316,-0.531,9.269,,,,,,
,,12.991,2.340,-0.421,9.250,,,,,,
,,13.011,2.445,-0.388,9.278,,,,,,
,,13.032,2.383,-0.359,9.278,,,,,,
,,13.052,2.460,-0.335,9.226,,,,,,
,,13.072,2.522,-0.268,9.278,,,,,,
,,13.093,2.488,-0.292,9.269,,,,,,
,,13.113,2.632,-0.335,9.168,,,,,,
,,13.134,2.751,-0.215,9.082,,,,,,
,,13.154,2.732,-0.148,8.977,,,,,,
,,13.174,2.775,-0.139,8.977,,,,,,
,,13.195,2.838,-0.110,8.876,,,,,,
,,13.215,2.852,-0.172,8.833,,,,,,
,,13.235,2.948,-0.230,9.073,,,,,,
,,13.256,2.929,-0.206,9.125,,,,,,
,,13.276,2.885,-0.301,9.082,,,,,,
,,13.297,2.981,-0.359,9.140,,,,,,
,,13.317,3.015,-0.268,9.159,,,,,,
,,13.337,3.034,-0.249,9.235,,,,,,
,,13.358,3.043,-0.306,9.365,,,,,,
,,13.378,2.938,-0.388,9.422,,,,,,
,,13.398,2.795,-0.388,9.336,,,,,,
,,13.419,2.852,-0.359,9.106,,,,,,
,,13.439,2.948,-0.435,8.963,,,,,,
,,13.460,2.818,-0.512,8.967,,,,,,
,,13.480,2.775,-0.608,9.130,,,,,,
,,13.500,2.761,-0.708,9.326,,,,,,
,,13.521,2.608,-0.746,9.345,,,,,,
,,13.541,2.598,-0.727,9.250,,,,,,
,,13.561,2.689,-0.751,9.087,,,,,,
,,13.582,2.732,-0.718,9.006,,,,,,
,,13.602,2.589,-0.641,9.106,,,,,,
,,13.623,2.383,-0.751,9.192,,,,,,
,,13.643,2.436,-0.837,9.278,,,,,,
,,13.663,2.488,-0.837,9.336,,,,,,
,,13.684,2.436,-0.890,9.140,,,,,,
,,13.704,2.493,-0.804,8.953,,,,,,
,,13.724,2.546,-0.694,9.049,,,,,,
,,13.745,2.512,-0.770,9.130,,,,,,
,,13.765,2.460,-0.785,9.226,,,,,,
,,13.785,2.417,-0.651,9.355,,,,,,
,,13.806,2.369,-0.546,9.278,,,,,,
,,13.826,2.316,-0.498,9.192,,,,,,
,,13.847,2.326,-0.479,9.250,,,,,,
,,13.867,2.359,-0.498,9.345,,,,,,
,,13.887,2.402,-0.455,9.321,,,,,,
,,13.908,2.522,-0.445,9.250,,,,,,
,,13.928,2.536,-0.388,9.235,,,,,,
,,13.948,2.522,-0.273,9.173,,,,,,
,,13.969,2.651,-0.268,9.149,,,,,,
,,13.989,2.728,-0.268,9.125,,,,,,
,,14.010,2.771,-0.172,9.039,,,,,,
,,14.030,2.804,-0.086,9.020,,,,,,
,,14.050,2.804,-0.148,9.049,,,,,,
,,14.071,2.862,-0.196,9.030,,,,,,
,,14.091,2.938,-0.206,9.006,,,,,,
,,14.111,3.005,-0.268,9.063,,,,,,
,,14.132,3.005,-0.225,9.049,,,,,,
,,14.152,3.043,-0.187,8.953,,,,,,
,,14.173,3.101,-0.239,9.010,,,,,,
,,14.193,3.048,-0.230,9.049,,,,,,
,,14.213,3.005,-0.273,8.934,,,,,,
,,14.234,3.091,-0.306,8.790,,,,,,
,,14.254,3.134,-0.316,8.843,,,,,,
,,14.274,2.914,-0.435,8.987,,,,,,
,,14.295,2.771,-0.507,9.039,,,,,,
,,14.315,2.818,-0.584,9.063,,,,,,
,,14.335,2.847,-0.727,9.063,,,,,,
,,14.356,2.785,-0.866,9.207,,,,,,
,,14.376,2.684,-0.804,9.345,,,,,,
,,14.397,2.656,-0.675,9.369,,,,,,
,,14.417,2.641,-0.727,9.345,,,,,,
,,14.437,2.589,-0.780,9.345,,,,,,
,,14.458,2.555,-0.737,9.412,,,,,,
,,14.478,2.531,-0.737,9.355,,,,,,
,,14.498,2.503,-0.751,9.288,,,,,,
,,14.519,2.469,-0.804,9.202,,,,,,
,,14.539,2.546,-0.837,9.087,,,,,,
,,14.560,2.555,-0.751,9.106,,,,,,
,,14.580,2.493,-0.746,9.087,,,,,,
,,14.600,2.613,-0.770,9.010,,,,,,
,,14.621,2.675,-0.651,9.087,,,,,,
,,14.641,2.546,-0.541,9.202,,,,,,
,,14.661,2.450,-0.512,9.245,,,,,,
,,14.682,2.450,-0.455,9.235,,,,,,
,,14.702,2.469,-0.412,9.278,,,,,,
,,14.723,2.522,-0.464,9.336,,,,,,
,,14.743,2.656,-0.469,9.259,,,,,,
,,14.763,2.689,-0.368,9.149,,,,,,
,,14.784,2.675,-0.230,9.063,,,,,,
,,14.804,2.818,-0.172,8.996,,,,,,
,,14.824,2.847,-0.225,9.030,,,,,,
,,14.845,2.847,-0.163,9.125,,,,,,
,,14.865,2.967,-0.148,9.250,,,,,,
,,14.886,2.938,-0.249,9.336,,,,,,
,,14.906,2.885,-0.196,9.326,,,,,,
,,14.926,3.000,-0.273,9.235,,,,,,
,,14.947,3.110,-0.392,9.173,,,,,,
,,14.967,3.024,-0.316,9.106,,,,,,
,,14.987,3.067,-0.239,9.039,,,,,,
,,15.008,3.206,-0.215,9.049,,,,,,
,,15.028,3.134,-0.249,9.054,,,,,,
,,15.048,3.101,-0.316,9.097,,,,,,
,,15.069,3.101,-0.378,9.192,,,,,,
,,15.089,3.048,-0.555,9.207,,,,,,
,,15.110,3.024,-0.574,9.226,,,,,,
,,15.130,2.957,-0.522,9.278,,,,,,
,,15.150,2.881,-0.660,9.278,,,,,,
,,15.171,2.929,-0.780,9.259,,,,,,
,,15.191,2.885,-0.761,9.226,,,,,,
,,15.211,2.795,-0.737,9.216,,,,,,
,,15.232,2.838,-0.617,9.140,,,,,,
,,15.252,2.804,-0.627,9.087,,,,,,
,,15.273,2.699,-0.794,9.183,,,,,,
,,15.293,2.689,-0.780,9.226,,,,,,
,,15.313,2.613,-0.675,9.173,,,,,,
,,15.334,2.555,-0.751,9.116,,,,,,
,,15.354,2.641,-0.837,9.082,,,,,,
,,15.374,2.622,-0.837,9.010,,,,,,
,,15.395,2.589,-0.785,9.010,,,,,,
,,15.415,2.632,-0.684,9.106,,,,,,
,,15.435,2.608,-0.589,9.125,,,,,,
,,15.456,2.651,-0.522,9.082,,,,,,
,,15.476,2.622,-0.546,9.039,,,,,,
,,15.497,2.555,-0.522,9.039,,,,,,
,,15.517,2.570,-0.392,9.049,,,,,,
,,15.537,2.598,-0.378,9.125,,,,,,
,,15.558,2.632,-0.426,9.278,,,,,,
,,15.578,2.651,-0.378,9.269,,,,,,
,,15.598,2.689,-0.335,9.192,,,,,,
,,15.619,2.804,-0.301,9.173,,,,,,
,,15.639,2.838,-0.249,9.087,,,,,,
,,15.660,2.905,-0.230,8.963,,,,,,
,,15.680,3.024,-0.163,8.943,,,,,,
,,15.700,3.000,-0.139,8.996,,,,,,
,,15.721,3.015,-0.182,9.082,,,,,,
,,15.741,3.067,-0.282,9.202,,,,,,
,,15.761,3.015,-0.301,9.259,,,,,,
,,15.782,3.067,-0.225,9.321,,,,,,
,,15.802,3.086,-0.325,9.312,,,,,,
,,15.823,3.058,-0.368,9.140,,,,,,
,,15.843,3.125,-0.258,9.082,,,,,,
,,15.863,3.187,-0.316,9.082,,,,,,
,,15.884,3.168,-0.392,8.967,,,,,,
,,15.904,3.120,-0.345,8.900,,,,,,
,,15.924,3.144,-0.345,8.920,,,,,,
,,15.945,3.048,-0.392,8.953,,,,,,
,,15.965,2.885,-0.498,9.020,,,,,,
,,15.986,2.924,-0.651,9.010,,,,,,
,,16.006,2.881,-0.665,8.963,,,,,,
,,16.026,2.852,-0.627,9.030,,,,,,
,,16.047,2.905,-0.665,9.054,,,,,,
,,16.067,2.771,-0.675,9.030,,,,,,
,,16.087,2.742,-0.684,8.987,,,,,,
,,16.108,2.761,-0.737,9.020,,,,,,
,,16.128,2.651,-0.737,9.106,,,,,,
,,16.148,2.622,-0.780,9.054,,,,,,
,,16.169,2.665,-0.866,9.010,,,,,,
,,16.189,2.651,-0.880,9.049,,,,,,
,,16.210,2.589,-0.828,8.987,,,,,,
,,16.230,2.622,-0.708,9.030,,,,,,
,,16.250,2.684,-0.651,9.130,,,,,,
,,16.271,2.579,-0.598,9.020,,,,,,
,,16.291,2.546,-0.584,9.054,,,,,,
,,16.311,2.608,-0.565,9.168,,,,,,
,,16.332,2.536,-0.469,9.226,,,,,,
,,16.352,2.493,-0.469,9.345,,,,,,
,,16.373,2.598,-0.488,9.302,,,,,,
,,16.393,2.689,-0.412,9.149,,,,,,
,,16.413,2.761,-0.282,9.030,,,,,,
,,16.434,2.862,-0.215,9.039,,,,,,
,,16.454,2.862,-0.273,9.173,,,,,,
,,16.474,2.818,-0.316,9.321,,,,,,
,,16.495,2.828,-0.239,9.379,,,,,,
,,16.515,2.881,-0.153,9.226,,,,,,
,,16.535,2.981,-0.230,9.020,,,,,,
,,16.556,3.067,-0.292,9.049,,,,,,
,,16.576,3.101,-0.306,9.202,,,,,,
,,16.597,3.110,-0.345,9.235,,,,,,
,,16.617,3.163,-0.316,9.149,,,,,,
,,16.637,3.220,-0.335,9.073,,,,,,
,,16.658,3.263,-0.316,9.030,,,,,,
,,16.678,3.254,-0.306,9.063,,,,,,
,,16.698,3.134,-0.378,9.269,,,,,,
,,16.719,3.077,-0.426,9.365,,,,,,
,,16.739,3.091,-0.435,9.250,,,,,,
,,16.760,3.000,-0.426,9.269,,,,,,
,,16.780,2.914,-0.512,9.245,,,,,,
,,16.800,2.948,-0.675,9.140,,,,,,
,,16.821,2.948,-0.751,9.039,,,,,,
,,16.841,2.914,-0.694,8.967,,,,,,
,,16.861,2.905,-0.684,9.063,,,,,,
,,16.882,2.881,-0.727,9.039,,,,,,
,,16.902,2.881,-0.675,8.920,,,,,,
,,16.923,2.871,-0.703,9.039,,,,,,
,,16.943,2.795,-0.761,9.073,,,,,,
,,16.963,2.699,-0.780,8.967,,,,,,
,,16.984,2.675,-0.794,9.006,,,,,,
,,17.004,2.689,-0.823,9.030,,,,,,
,,17.024,2.651,-0.837,9.010,,,,,,
,,17.045,2.598,-0.727,9.030,,,,,,
,,17.065,2.622,-0.660,9.087,,,,,,
,,17.085,2.598,-0.627,9.149,,,,,,
,,17.106,2.531,-0.498,9.250,,,,,,
,,17.126,2.383,-0.488,9.326,,,,,,
,,17.147,2.373,-0.512,9.288,,,,,,
,,17.167,2.546,-0.402,9.226,,,,,,
,,17.187,2.622,-0.349,9.159,,,,,,
,,17.208,2.699,-0.402,9.087,,,,,,
,,17.228,2.622,-0.239,9.030,,,,,,
,,17.248,2.608,-0.120,9.039,,,,,,
,,17.269,2.809,-0.239,9.269,,,,,,
,,17.289,2.771,-0.306,9.379,,,,,,
,,17.310,2.818,-0.301,9.269,,,,,,
,,17.330,2.972,-0.268,9.278,,,,,,
,,17.350,2.948,-0.249,9.259,,,,,,
,,17.371,2.957,-0.273,9.192,,,,,,
,,17.391,3.024,-0.225,9.087,,,,,,
,,17.411,3.091,-0.163,8.963,,,,,,
,,17.432,3.163,-0.187,9.010,,,,,,
,,17.452,3.163,-0.206,9.039,,,,,,
,,17.473,3.101,-0.273,9.087,,,,,,
,,17.493,3.101,-0.345,9.130,,,,,,
,,17.513,3.091,-0.301,9.097,,,,,,
,,17.534,2.981,-0.325,9.149,,,,,,
,,17.554,2.948,-0.455,9.202,,,,,,
,,17.574,3.000,-0.455,9.192,,,,,,
,,17.595,2.895,-0.421,9.006,,,,,,
,,17.615,2.804,-0.498,8.867,,,,,,
,,17.635,2.847,-0.589,8.977,,,,,,
,,17.656,2.795,-0.737,9.054,,,,,,
,,17.676,2.708,-0.770,9.168,,,,,,
,,17.697,2.675,-0.703,9.293,,,,,,
,,17.717,2.613,-0.828,9.288,,,,,,
,,17.737,2.565,-0.866,9.259,,,,,,
,,17.758,2.570,-0.751,9.202,,,,,,
,,17.778,2.622,-0.794,9.054,,,,,,
,,17.798,2.622,-0.804,9.010,,,,,,
,,17.819,2.546,-0.770,9.106,,,,,,
,,17.839,2.469,-0.804,9.192,,,,,,
,,17.860,2.436,-0.813,9.293,,,,,,
,,17.880,2.426,-0.761,9.379,,,,,,
,,17.900,2.417,-0.708,9.388,,,,,,
,,17.921,2.445,-0.627,9.278,,,,,,
,,17.941,2.460,-0.531,9.192,,,,,,
,,17.961,2.460,-0.531,9.192,,,,,,
,,17.982,2.512,-0.464,9.159,,,,,,
,,18.002,2.493,-0.378,9.202,,,,,,
,,18.022,2.460,-0.455,9.207,,,,,,
,,18.043,2.488,-0.455,9.106,,,,,,
,,18.063,2.555,-0.301,9.125,,,,,,
,,18.083,2.689,-0.230,9.245,,,,,,
,,18.104,2.718,-0.215,9.149,,,,,,
,,18.124,2.732,-0.206,8.963,,,,,,
,,18.145,2.847,-0.182,8.996,,,,,,
,,18.165,2.828,-0.139,8.996,,,,,,
,,18.185,2.838,-0.172,8.920,,,,,,
,,18.206,2.957,-0.206,9.020,,,,,,
,,18.226,3.043,-0.268,9.063,,,,,,
,,18.246,3.048,-0.301,9.049,,,,,,
,,18.267,3.058,-0.239,9.235,,,,,,
,,18.287,3.048,-0.206,9.408,,,,,,
,,18.307,3.043,-0.215,9.408,,,,,,
,,18.328,3.067,-0.345,9.388,,,,,,
,,18.348,3.015,-0.388,9.345,,,,,,
,,18.369,2.957,-0.345,9.202,,,,,,
,,18.389,2.981,-0.412,9.010,,,,,,
,,18.409,2.967,-0.412,8.891,,,,,,
,,18.430,2.895,-0.421,9.087,,,,,,
,,18.450,2.838,-0.541,9.302,,,,,,
,,18.470,2.761,-0.641,9.312,,,,,,
,,18.491,2.684,-0.675,9.207,,,,,,
,,18.511,2.689,-0.651,9.010,,,,,,
,,18.532,2.728,-0.708,9.087,,,,,,
,,18.552,2.613,-0.813,9.312,,,,,,
,,18.572,2.512,-0.770,9.336,,,,,,
,,18.593,2.579,-0.751,9.278,,,,,,
,,18.613,2.579,-0.751,9.097,,,,,,
,,18.633,2.531,-0.746,8.900,,,,,,
,,18.654,2.488,-0.871,9.039,,,,,,
,,18.674,2.445,-0.890,9.312,,,,,,
,,18.694,2.426,-0.794,9.293,,,,,,
,,18.715,2.445,-0.794,9.207,,,,,,
,,18.735,2.479,-0.703,9.192,,,,,,
,,18.756,2.450,-0.617,9.082,,,,,,
,,18.776,2.493,-0.589,9.010,,,,,,
,,18.796,2.536,-0.445,9.063,,,,,,
,,18.817,2.469,-0.368,9.140,,,,,,
,,18.837,2.469,-0.392,9.130,,,,,,
,,18.857,2.479,-0.359,9.054,,,,,,
,,18.878,2.536,-0.412,9.125,,,,,,
,,18.898,2.622,-0.435,9.192,,,,,,
,,18.919,2.632,-0.249,9.125,,,,,,
,,18.939,2.651,-0.182,9.097,,,,,,
,,18.959,2.708,-0.258,9.173,,,,,,
,,18.980,2.795,-0.230,9.226,,,,,,
,,19.000,2.847,-0.249,9.250,,,,,,
,,19.020,2.838,-0.239,9.336,,,,,,
,,19.041,2.862,-0.268,9.355,,,,,,
,,19.061,2.929,-0.392,9.321,,,,,,
,,19.082,2.905,-0.325,9.336,,,,,,
,,19.102,2.929,-0.206,9.365,,,,,,
,,19.122,3.048,-0.249,9.369,,,,,,
,,19.143,3.043,-0.273,9.398,,,,,,
,,19.163,3.058,-0.273,9.398,,,,,,
,,19.183,3.077,-0.349,9.365,,,,,,
,,19.204,2.957,-0.402,9.326,,,,,,
,,19.224,3.000,-0.402,9.226,,,,,,
,,19.245,3.110,-0.388,9.106,,,,,,
,,19.265,2.991,-0.445,8.963,,,,,,
,,19.285,2.871,-0.512,8.953,,,,,,
,,19.306,2.862,-0.584,9.259,,,,,,
,,19.326,2.775,-0.703,9.432,,,,,,
,,19.346,2.732,-0.665,9.269,,,,,,
,,19.367,2.809,-0.617,8.967,,,,,,
,,19.387,2.795,-0.665,8.900,,,,,,
,,19.407,2.651,-0.703,9.183,,,,,,
,,19.428,2.469,-0.727,9.336,,,,,,
,,19.448,2.488,-0.737,9.269,,,,,,
,,19.469,2.546,-0.703,9.116,,,,,,
,,19.489,2.417,-0.761,9.054,,,,,,
,,19.509,2.383,-0.828,9.288,,,,,,
,,19.530,2.450,-0.737,9.321,,,,,,
,,19.550,2.402,-0.632,9.049,,,,,,
,,19.570,2.350,-0.751,9.049,,,,,,
,,19.591,2.326,-0.794,9.250,,,,,,
,,19.611,2.369,-0.541,9.312,,,,,,
,,19.632,2.450,-0.435,9.269,,,,,,
,,19.652,2.469,-0.498,9.125,,,,,,
,,19.672,2.503,-0.402,9.049,,,,,,
,,19.693,2.493,-0.349,9.140,,,,,,
,,19.713,2.469,-0.421,9.183,,,,,,
,,19.733,2.488,-0.455,9.269,,,,,,
,,19.754,2.412,-0.368,9.321,,,,,,
,,19.774,2.512,-0.249,9.235,,,,,,
,,19.794,2.665,-0.230,9.269,,,,,,
,,19.815,2.622,-0.301,9.159,,,,,,
,,19.835,2.775,-0.325,8.953,,,,,,
,,19.856,2.924,-0.249,8.987,,,,,,
,,19.876,2.881,-0.273,9.140,,,,,,
,,19.896,2.938,-0.292,9.312,,,,,,
,,19.917,2.991,-0.225,9.408,,,,,,
,,19.937,3.015,-0.292,9.345,,,,,,
,,19.957,3.043,-0.306,9.278,,,,,,
,,19.978,2.981,-0.239,9.159,,,,,,
,,19.998,3.077,-0.268,9.073,,,,,,
,,20.019,3.153,-0.292,9.020,,,,,,
,,20.039,3.034,-0.282,9.020,,,,,,
,,20.059,3.058,-0.359,8.996,,,,,,
,,20.080,3.067,-0.498,8.963,,,,,,
,,20.100,2.938,-0.512,9.216,,,,,,
,,20.120,2.852,-0.522,9.432,,,,,,
,,20.141,2.795,-0.694,9.326,,,,,,
,,20.161,2.795,-0.718,9.159,,,,,,
,,20.181,2.847,-0.617,8.996,,,,,,
,,20.202,2.795,-0.694,9.020,,,,,,
,,20.222,2.728,-0.694,9.226,,,,,,
,,20.243,2.732,-0.608,9.355,,,,,,
,,20.263,2.613,-0.703,9.293,,,,,,
,,20.283,2.555,-0.684,9.082,,,,,,
,,20.304,2.555,-0.703,8.963,,,,,,
,,20.324,2.460,-0.857,9.106,,,,,,
,,20.344,2.393,-0.837,9.345,,,,,,
,,20.365,2.417,-0.780,9.302,,,,,,
,,20.385,2.460,-0.737,9.073,,,,,,
,,20.406,2.469,-0.665,9.039,,,,,,
,,20.426,2.402,-0.651,9.183,,,,,,
,,20.446,2.292,-0.627,9.278,,,,,,
,,20.467,2.340,-0.531,9.302,,,,,,
,,20.487,2.469,-0.469,9.288,,,,,,
,,20.507,2.445,-0.455,9.149,,,,,,
,,20.528,2.402,-0.388,9.030,,,,,,
,,20.548,2.450,-0.368,8.987,,,,,,
,,20.568,2.488,-0.345,9.020,,,,,,
,,20.589,2.512,-0.239,9.159,,,,,,
,,20.609,2.503,-0.196,9.278,,,,,,
,,20.630,2.426,-0.249,9.326,,,,,,
,,20.650,2.469,-0.349,9.422,,,,,,
,,20.670,2.684,-0.335,9.365,,,,,,
,,20.691,2.804,-0.258,9.063,,,,,,
,,20.711,2.871,-0.206,8.891,,,,,,
,,20.731,2.981,-0.172,8.943,,,,,,
,,20.752,3.000,-0.225,9.125,,,,,,
,,20.772,2.924,-0.230,9.259,,,,,,
,,20.793,2.938,-0.249,9.365,,,,,,
,,20.813,2.924,-0.345,9.369,,,,,,
,,20.833,2.967,-0.306,9.269,,,,,,
,,20.854,3.058,-0.306,9.326,,,,,,
,,20.874,3.000,-0.392,9.398,,,,,,
,,20.894,2.914,-0.421,9.336,,,,,,
,,20.915,2.938,-0.368,9.168,,,,,,
,,20.935,3.067,-0.335,8.996,,,,,,
,,20.956,3.024,-0.435,8.934,,,,,,
,,20.976,2.885,-0.522,8.977,,,,,,
,,20.996,2.881,-0.574,9.140,,,,,,
,,21.017,2.818,-0.708,9.269,,,,,,
,,21.037,2.742,-0.761,9.278,,,,,,
,,21.057,2.771,-0.708,9.183,,,,,,
,,21.078,2.728,-0.708,8.963,,,,,,
,,21.098,2.622,-0.737,8.943,,,,,,
,,21.118,2.531,-0.746,9.235,,,,,,
,,21.139,2.479,-0.785,9.379,,,,,,
,,21.159,2.469,-0.847,9.235,,,,,,
,,21.179,2.479,-0.890,9.159,,,,,,
,,21.200,2.522,-0.890,9.125,,,,,,
,,21.220,2.565,-0.837,9.063,,,,,,
,,21.241,2.570,-0.823,9.183,,,,,,
,,21.261,2.522,-0.746,9.259,,,,,,
,,21.281,2.426,-0.627,9.269,,,,,,
,,21.302,2.373,-0.641,9.302,,,,,,
,,21.322,2.383,-0.684,9.250,,,,,,
,,21.342,2.373,-0.522,9.288,,,,,,
,,21.363,2.436,-0.392,9.336,,,,,,
,,21.383,2.531,-0.421,9.235,,,,,,
,,21.404,2.531,-0.392,9.245,,,,,,
,,21.424,2.531,-0.316,9.312,,,,,,
,,21.444,2.613,-0.268,9.278,,,,,,
,,21.465,2.651,-0.225,9.278,,,,,,
,,21.485,2.622,-0.187,9.250,,,,,,
,,21.505,2.732,-0.187,9.245,,,,,,
,,21.526,2.838,-0.230,9.302,,,,,,
,,21.546,2.862,-0.345,9.168,,,,,,
,,21.566,2.929,-0.301,9.020,,,,,,
,,21.587,2.991,-0.239,9.063,,,,,,
,,21.607,2.972,-0.325,8.967,,,,,,
,,21.628,3.015,-0.187,8.929,,,,,,
,,21.648,3.125,-0.148,9.082,,,,,,
,,21.668,3.101,-0.273,9.125,,,,,,
,,21.689,3.058,-0.273,9.130,,,,,,
,,21.709,3.024,-0.325,9.140,,,,,,
,,21.729,3.024,-0.388,9.140,,,,,,
,,21.750,3.024,-0.392,9.250,,,,,,
,,21.770,2.895,-0.464,9.245,,,,,,
,,21.791,2.948,-0.498,9.049,,,,,,
,,21.811,3.043,-0.512,9.006,,,,,,
,,21.831,2.871,-0.598,8.967,,,,,,
,,21.852,2.818,-0.718,8.943,,,,,,
,,21.872,2.871,-0.737,9.183,,,,,,
,,21.892,2.751,-0.703,9.293,,,,,,
,,21.913,2.684,-0.718,9.245,,,,,,
,,21.933,2.665,-0.746,9.345,,,,,,
,,21.953,2.598,-0.751,9.365,,,,,,
,,21.974,2.536,-0.746,9.216,,,,,,
,,21.994,2.579,-0.823,9.125,,,,,,
,,22.015,2.598,-0.933,9.039,,,,,,
,,22.035,2.598,-0.813,8.967,,,,,,
,,22.056,2.651,-0.737,9.030,,,,,,
,,22.076,2.608,-0.751,9.116,,,,,,
,,22.096,2.503,-0.660,9.245,,,,,,
,,22.117,2.469,-0.598,9.345,,,,,,
,,22.137,2.479,-0.598,9.288,,,,,,
,,22.157,2.488,-0.565,9.278,,,,,,
,,22.178,2.522,-0.498,9.365,,,,,,
,,22.198,2.546,-0.435,9.321,,,,,,
,,22.218,2.565,-0.412,9.235,,,,,,
,,22.239,2.675,-0.421,9.149,,,,,,
,,22.259,2.665,-0.445,9.140,,,,,,
,,22.280,2.675,-0.368,9.149,,,,,,
,,22.300,2.862,-0.325,9.010,,,,,,
,,22.320,2.972,-0.345,9.030,,,,,,
,,22.341,3.015,-0.273,9.125,,,,,,
,,22.361,3.144,-0.306,9.087,,,,,,
,,22.381,3.244,-0.368,9.030,,,,,,
,,22.402,3.273,-0.249,9.020,,,,,,
,,22.422,3.230,-0.273,9.082,,,,,,
,,22.443,3.263,-0.345,9.082,,,,,,
,,22.463,3.340,-0.230,9.207,,,,,,
,,22.483,3.263,-0.206,9.369,,,,,,
,,22.504,3.263,-0.225,9.321,,,,,,
,,22.524,3.326,-0.249,9.293,,,,,,
,,22.544,3.240,-0.292,9.202,,,,,,
,,22.565,3.196,-0.292,8.963,,,,,,
,,22.585,3.206,-0.412,8.910,,,,,,
,,22.605,3.187,-0.507,8.977,,,,,,
,,22.626,3.134,-0.574,8.996,,,,,,
,,22.646,3.015,-0.718,8.996,,,,,,
,,22.667,3.024,-0.751,8.977,,,,,,
,,22.687,3.067,-0.703,8.967,,,,,,
,,22.707,2.957,-0.694,9.049,,,,,,
,,22.728,2.881,-0.761,9.173,,,,,,
,,22.748,2.847,-0.780,9.235,,,,,,
,,22.768,2.795,-0.703,9.288,,,,,,
,,22.789,2.728,-0.708,9.293,,,,,,
,,22.809,2.598,-0.794,9.202,,,,,,
,,22.829,2.589,-0.837,9.235,,,,,,
,,22.850,2.613,-0.837,9.336,,,,,,
,,22.870,2.536,-0.785,9.302,,,,,,
,,22.891,2.565,-0.746,9.245,,,,,,
,,22.911,2.608,-0.751,9.269,,,,,,
,,22.931,2.503,-0.703,9.302,,,,,,
,,22.952,2.522,-0.641,9.269,,,,,,
,,22.972,2.546,-0.617,9.278,,,,,,
,,22.992,2.555,-0.507,9.312,,,,,,
,,23.013,2.651,-0.421,9.259,,,,,,
,,23.033,2.608,-0.402,9.192,,,,,,
,,23.053,2.613,-0.316,9.192,,,,,,
,,23.074,2.795,-0.239,9.202,,,,,,
,,23.094,2.785,-0.239,9.173,,,,,,
,,23.114,2.804,-0.230,9.097,,,,,,
,,23.135,2.972,-0.258,9.020,,,,,,
,,23.155,2.981,-0.306,8.953,,,,,,
,,23.176,3.015,-0.306,9.010,,,,,,
,,23.196,3.120,-0.258,8.953,,,,,,
,,23.216,3.168,-0.249,8.929,,,,,,
,,23.237,3.297,-0.273,9.173,,,,,,
,,23.257,3.283,-0.196,9.149,,,,,,
,,23.277,3.240,-0.225,9.054,,,,,,
,,23.298,3.307,-0.268,9.149,,,,,,
,,23.318,3.254,-0.239,9.245,,,,,,
,,23.338,3.153,-0.282,9.379,,,,,,
,,23.359,3.091,-0.282,9.345,,,,,,
,,23.379,3.048,-0.306,9.321,,,,,,
,,23.400,3.120,-0.469,9.412,,,,,,
,,23.420,3.125,-0.546,9.355,,,,,,
,,23.440,3.015,-0.589,9.345,,,,,,
,,23.461,2.929,-0.684,9.412,,,,,,
,,23.481,2.914,-0.751,9.336,,,,,,
,,23.501,2.871,-0.785,9.269,,,,,,
,,23.522,2.852,-0.751,9.259,,,,,,
,,23.542,2.914,-0.737,9.226,,,,,,
,,23.562,2.862,-0.770,9.226,,,,,,
,,23.583,2.708,-0.708,9.202,,,,,,
,,23.603,2.728,-0.718,9.168,,,,,,
,,23.624,2.732,-0.804,9.192,,,,,,
,,23.644,2.632,-0.785,9.202,,,,,,
,,23.664,2.570,-0.751,9.207,,,,,,
,,23.685,2.531,-0.746,9.207,,,,,,
,,23.705,2.570,-0.761,9.202,,,,,,
,,23.725,2.622,-0.780,9.202,,,,,,
,,23.746,2.579,-0.708,9.207,,,,,,
,,23.766,2.555,-0.627,9.250,,,,,,
,,23.787,2.579,-0.546,9.192,,,,,,
,,23.807,2.598,-0.464,9.245,,,,,,
,,23.827,2.613,-0.388,9.293,,,,,,
,,23.848,2.689,-0.349,9.173,,,,,,
,,23.868,2.751,-0.359,9.106,,,,,,
,,23.888,2.795,-0.392,9.063,,,,,,
,,23.909,2.804,-0.359,9.097,,,,,,
,,23.929,2.785,-0.268,9.226,,,,,,
,,23.949,2.871,-0.273,9.250,,,,,,
,,23.970,3.134,-0.249,9.106,,,,,,
,,23.990,3.187,-0.163,9.245,,,,,,
,,24.011,3.015,-0.215,9.369,,,,,,
,,24.031,3.144,-0.258,9.054,,,,,,
,,24.051,3.326,-0.187,8.987,,,,,,
,,24.072,3.240,-0.196,9.250,,,,,,
,,24.092,3.153,-0.292,9.355,,,,,,
,,24.112,3.240,-0.359,9.192,,,,,,
,,24.133,3.263,-0.402,8.977,,,,,,
,,24.153,3.177,-0.359,9.010,,,,,,
,,24.173,3.273,-0.292,9.159,,,,,,
,,24.194,3.287,-0.388,9.192,,,,,,
,,24.214,3.244,-0.445,9.269,,,,,,
,,24.235,3.230,-0.632,9.365,,,,,,
,,24.255,2.991,-1.034,9.278,,,,,,
,,24.275,3.177,-0.828,9.235,,,,,,
,,24.296,3.220,-0.531,9.183,,,,,,
,,24.316,2.479,-0.541,9.049,,,,,,
,,24.336,2.196,-0.053,9.082,,,,,,
,,24.357,2.326,0.675,9.149,,,,,,
,,24.377,2.512,1.086,9.183,,,,,,
,,24.398,2.512,1.206,9.226,,,,,,
,,24.418,1.727,1.349,9.278,,,,,,
,,24.438,0.804,1.503,9.293,,,,,,
,,24.459,0.359,1.483,9.235,,,,,,
,,24.479,0.177,1.479,9.202,,,,,,
,,24.499,0.067,1.512,9.269,,,,,,
,,24.520,0.144,1.349,9.250,,,,,,
,,24.540,0.325,0.665,9.125,,,,,,
,,24.560,0.383,-0.110,9.207,,,,,,
,,24.581,0.306,-0.598,9.321,,,,,,
,,24.601,0.077,-1.139,9.250,,,,,,
,,24.622,-0.139,-1.541,9.159,,,,,,
,,24.642,-0.110,-1.574,9.116,,,,,,
,,24.662,-0.053,-1.345,9.149,,,,,,
,,24.683,0.019,-0.986,9.278,,,,,,
,,24.703,0.196,-0.617,9.312,,,,,,
,,24.723,0.292,-0.368,9.250,,,,,,
,,24.744,0.196,-0.268,9.235,,,,,,
,,24.764,0.057,-0.239,9.226,,,,,,
,,24.785,-0.033,-0.402,9.245,,,,,,
,,24.805,-0.024,-0.608,9.183,,,,,,
,,24.825,0.019,-0.694,9.192,,,,,,
,,24.846,-0.010,-0.651,9.259,,,,,,
,,24.866,0.043,-0.608,9.245,,,,,,
,,24.886,0.215,-0.498,9.288,,,,,,
,,24.907,0.230,-0.349,9.269,,,,,,
,,24.927,0.100,-0.392,9.173,,,,,,
,,24.947,0.019,-0.445,9.245,,,,,,
,,24.968,0.019,-0.469,9.293,,,,,,
,,24.988,0.024,-0.608,9.173,,,,,,
,,25.009,0.077,-0.675,9.116,,,,,,
,,25.029,0.177,-0.708,9.140,,,,,,
,,25.049,0.163,-0.761,9.168,,,,,,
,,25.070,0.067,-0.684,9.202,,,,,,
,,25.090,-0.019,-0.531,9.245,,,,,,
,,25.110,-0.043,-0.479,9.235,,,,,,
,,25.131,0.057,-0.498,9.202,,,,,,
,,25.151,0.196,-0.488,9.259,,,,,,
,,25.171,0.196,-0.464,9.259,,,,,,
,,25.192,0.153,-0.488,9.173,,,,,,
,,25.212,0.129,-0.565,9.235,,,,,,
,,25.233,0.129,-0.546,9.326,,,,,,
,,25.253,0.019,-0.531,9.250,,,,,,
,,25.273,-0.057,-0.651,9.183,,,,,,
,,25.294,0.043,-0.708,9.278,,,,,,
,,25.314,0.053,-0.708,9.293,,,,,,
,,25.334,0.100,-0.694,9.245,,,,,,
,,25.355,0.153,-0.522,9.140,,,,,,
,,25.375,0.067,-0.435,9.097,,,,,,
,,25.395,0.096,-0.469,9.192,,,,,,
,,25.416,0.139,-0.455,9.192,,,,,,
,,25.436,0.100,-0.455,9.245,,,,,,
,,25.457,0.110,-0.455,9.321,,,,,,
,,25.477,0.144,-0.565,9.250,,,,,,
,,25.497,0.129,-0.665,9.168,,,,,,
,,25.518,0.067,-0.546,9.168,,,,,,
,,25.538,0.043,-0.555,9.250,,,,,,
,,25.558,0.067,-0.684,9.293,,,,,,
,,25.579,0.120,-0.608,9.207,,,,,,
,,25.599,0.129,-0.522,9.173,,,,,,
,,25.619,0.120,-0.507,9.245,,,,,,
,,25.640,0.096,-0.479,9.288,,,,,,
,,25.660,0.043,-0.464,9.245,,,,,,
,,25.681,0.067,-0.412,9.106,,,,,,
,,25.701,0.110,-0.469,9.125,,,,,,
,,25.721,0.077,-0.608,9.235,,,,,,
,,25.742,0.077,-0.632,9.245,,,,,,
,,25.762,0.100,-0.627,9.288,,,,,,
,,25.782,0.019,-0.617,9.293,,,,,,
,,25.803,0.057,-0.584,9.216,,,,,,
,,25.823,0.129,-0.541,9.250,,,,,,
,,25.843,0.053,-0.507,9.293,,,,,,
,,25.864,0.077,-0.488,9.269,,,,,,
,,25.884,0.144,-0.469,9.302,,,,,,
,,25.905,0.129,-0.531,9.259,,,,,,
,,25.925,0.096,-0.574,9.202,,,,,,
,,25.945,0.086,-0.522,9.235,,,,,,
,,25.966,0.120,-0.546,9.216,,,,,,
,,25.986,0.086,-0.651,9.202,,,,,,
,,26.006,0.000,-0.632,9.202,,,,,,
,,26.027,0.067,-0.541,9.159,,,,,,
,,26.047,0.120,-0.555,9.259,,,,,,
,,26.068,0.067,-0.589,9.326,,,,,,
,,26.088,0.033,-0.507,9.259,,,,,,
,,26.108,0.057,-0.426,9.207,,,,,,
,,26.129,0.110,-0.426,9.202,,,,,,
,,26.149,0.100,-0.479,9.245,,,,,,
,,26.169,0.120,-0.555,9.288,,,,,,
,,26.190,0.120,-0.584,9.250,,,,,,
,,26.210,0.067,-0.531,9.173,,,,,,
,,26.230,0.144,-0.589,9.269,,,,,,
,,26.251,0.120,-0.737,9.369,,,,,,
,,26.271,0.024,-0.675,9.226,,,,,,
,,26.292,0.086,-0.512,9.130,,,,,,
,,26.312,0.172,-0.531,9.288,,,,,,
,,26.332,0.086,-0.589,9.326,,,,,,
,,26.353,-0.057,-0.507,9.159,,,,,,
,,26.373,0.024,-0.455,9.168,,,,,,
,,26.393,0.100,-0.574,9.259,,,,,,
,,26.414,0.086,-0.608,9.245,,,,,,
,,26.434,0.100,-0.531,9.235,,,,,,
,,26.454,0.053,-0.565,9.216,,,,,,
,,26.475,0.043,-0.627,9.216,,,,,,
,,26.495,0.086,-0.589,9.235,,,,,,
,,26.516,0.096,-0.608,9.278,,,,,,
,,26.536,0.057,-0.665,9.269,,,,,,
,,26.556,0.077,-0.584,9.159,,,,,,
,,26.577,0.129,-0.488,9.130,,,,,,
,,26.597,0.100,-0.522,9.235,,,,,,
,,26.617,0.120,-0.565,9.250,,,,,,
,,26.638,0.120,-0.512,9.192,,,,,,
,,26.658,0.057,-0.522,9.168,,,,,,
,,26.678,0.057,-0.574,9.192,,,,,,
,,26.699,0.100,-0.565,9.216,,,,,,
,,26.719,0.086,-0.541,9.259,,,,,,
,,26.740,0.077,-0.574,9.269,,,,,,
,,26.760,0.100,-0.617,9.216,,,,,,
,,26.780,0.120,-0.565,9.216,,,,,,
,,26.801,0.077,-0.522,9.269,,,,,,
,,26.821,0.019,-0.565,9.226,,,,,,
,,26.841,0.057,-0.512,9.259,,,,,,
,,26.862,0.100,-0.507,9.326,,,,,,
,,26.882,0.086,-0.598,9.269,,,,,,
,,26.902,0.096,-0.641,9.259,,,,,,
,,26.923,0.057,-0.632,9.245,,,,,,
,,26.943,-0.024,-0.574,9.173,,,,,,
,,26.964,0.053,-0.507,9.250,,,,,,
,,26.984,0.172,-0.584,9.259,,,,,,
,,27.004,0.057,-0.627,9.216,,,,,,
,,27.025,-0.043,-0.541,9.226,,,,,,
,,27.045,0.096,-0.512,9.207,,,,,,
,,27.065,0.139,-0.531,9.202,,,,,,
,,27.086,0.086,-0.488,9.183,,,,,,
,,27.106,0.057,-0.464,9.235,,,,,,
,,27.126,0.019,-0.464,9.245,,,,,,
,,27.147,0.024,-0.541,9.216,,,,,,
,,27.167,0.057,-0.555,9.288,,,,,,
,,27.188,0.067,-0.584,9.245,,,,,,
,,27.208,0.096,-0.651,9.192,,,,,,
,,27.228,0.000,-0.507,9.168,,,,,,
,,27.249,-0.043,-0.402,9.087,,,,,,
,,27.269,0.096,-0.522,9.235,,,,,,
,,27.289,0.110,-0.555,9.269,,,,,,
,,27.310,0.100,-0.488,9.116,,,,,,
,,27.330,0.129,-0.546,9.192,,,,,,
,,27.350,0.096,-0.608,9.278,,,,,,
,,27.371,0.077,-0.589,9.278,,,,,,
,,27.391,0.086,-0.589,9.250,,,,,,
,,27.412,0.086,-0.608,9.235,,,,,,
,,27.432,0.067,-0.574,9.259,,,,,,
,,27.452,0.086,-0.555,9.207,,,,,,
,,27.473,0.077,-0.541,9.259,,,,,,
,,27.493,0.033,-0.541,9.269,,,,,,
,,27.513,0.033,-0.589,9.125,,,,,,
,,27.534,0.053,-0.541,9.159,,,,,,
,,27.554,0.086,-0.455,9.250,,,,,,
,,27.575,0.067,-0.541,9.259,,,,,,
,,27.595,0.019,-0.632,9.168,,,,,,
,,27.615,0.086,-0.546,9.039,,,,,,
,,27.636,0.120,-0.469,9.168,,,,,,
,,27.656,0.086,-0.541,9.259,,,,,,
,,27.676,0.096,-0.598,9.202,,,,,,
,,27.697,0.077,-0.565,9.226,,,,,,
,,27.717,0.067,-0.512,9.183,,,,,,
,,27.737,0.096,-0.541,9.183,,,,,,
,,27.758,0.086,-0.541,9.226,,,,,,
,,27.778,0.077,-0.507,9.250,,,,,,
,,27.799,0.033,-0.522,9.250,,,,,,
,,27.819,0.043,-0.546,9.269,,,,,,
,,27.839,0.096,-0.512,9.250,,,,,,
,,27.860,0.057,-0.512,9.125,,,,,,
,,27.880,0.057,-0.512,9.140,,,,,,
,,27.900,0.110,-0.488,9.278,,,,,,
,,27.921,0.086,-0.498,9.216,,,,,,
,,27.941,0.096,-0.522,9.097,,,,,,
,,27.961,0.139,-0.541,9.207,,,,,,
,,27.982,0.110,-0.555,9.288,,,,,,
,,28.002,0.053,-0.541,9.183,,,,,,
,,28.023,0.077,-0.512,9.207,,,,,,
,,28.043,0.096,-0.531,9.245,,,,,,
,,28.063,0.077,-0.608,9.168,,,,,,
,,28.084,0.067,-0.589,9.216,,,,,,
,,28.104,0.024,-0.512,9.288,,,,,,
,,28.124,0.053,-0.574,9.216,,,,,,
,,28.145,0.110,-0.632,9.173,,,,,,
,,28.165,0.120,-0.565,9.259,,,,,,
,,28.185,0.043,-0.531,9.278,,,,,,
,,28.206,0.019,-0.522,9.216,,,,,,
,,28.226,0.086,-0.541,9.288,,,,,,
,,28.247,0.077,-0.555,9.355,,,,,,
,,28.267,0.096,-0.546,9.278,,,,,,
,,28.287,0.129,-0.565,9.226,,,,,,
,,28.308,0.129,-0.531,9.235,,,,,,
,,28.328,0.096,-0.531,9.250,,,,,,
,,28.348,0.086,-0.555,9.288,,,,,,
,,28.369,0.100,-0.627,9.259,,,,,,
,,28.389,0.077,-0.665,9.250,,,,,,
,,28.409,0.110,-0.617,9.235,,,,,,
,,28.430,0.110,-0.541,9.192,,,,,,
,,28.450,0.043,-0.488,9.207,,,,,,
,,28.471,0.043,-0.479,9.183,,,,,,
,,28.491,0.077,-0.512,9.168,,,,,,
,,28.511,0.100,-0.522,9.278,,,,,,
,,28.532,0.100,-0.531,9.235,,,,,,
,,28.552,0.120,-0.546,9.159,,,,,,
,,28.572,0.100,-0.522,9.245,,,,,,
,,28.593,0.100,-0.546,9.235,,,,,,
,,28.613,0.100,-0.608,9.226,,,,,,
,,28.633,0.043,-0.598,9.235,,,,,,
,,28.654,0.067,-0.541,9.159,,,,,,
,,28.674,0.067,-0.546,9.192,,,,,,
,,28.695,0.019,-0.584,9.278,,,,,,
,,28.715,0.057,-0.555,9.250,,,,,,
,,28.735,0.086,-0.546,9.269,,,,,,
,,28.756,0.086,-0.531,9.321,,,,,,
,,28.776,0.024,-0.498,9.245,,,,,,
,,28.796,0.077,-0.555,9.183,,,,,,
,,28.817,0.110,-0.584,9.278,,,,,,
,,28.837,0.024,-0.522,9.302,,,,,,
,,28.858,0.086,-0.522,9.226,,,,,,
,,28.878,0.129,-0.608,9.278,,,,,,
,,28.898,0.077,-0.641,9.293,,,,,,
,,28.919,0.067,-0.565,9.207,,,,,,
,,28.939,0.110,-0.512,9.278,,,,,,
,,28.959,0.139,-0.522,9.345,,,,,,
,,28.980,0.086,-0.541,9.269,,,,,,
,,29.000,0.057,-0.555,9.183,,,,,,
,,29.020,0.096,-0.531,9.226,,,,,,
,,29.041,0.096,-0.512,9.245,,,,,,
,,29.061,0.120,-0.555,9.192,,,,,,
,,29.082,0.120,-0.574,9.288,,,,,,
,,29.102,0.053,-0.541,9.288,,,,,,
,,29.122,0.100,-0.565,9.183,,,,,,
,,29.143,0.086,-0.598,9.259,,,,,,
,,29.163,0.019,-0.546,9.278,,,,,,
,,29.183,0.100,-0.531,9.192,,,,,,
,,29.204,0.110,-0.555,9.192,,,,,,
,,29.224,0.086,-0.589,9.226,,,,,,
,,29.244,0.100,-0.531,9.183,,,,,,
,,29.265,0.096,-0.469,9.168,,,,,,
,,29.285,0.086,-0.565,9.250,,,,,,
,,29.306,0.024,-0.608,9.235,,,,,,
,,29.326,0.010,-0.541,9.245,,,,,,
,,29.346,0.033,-0.541,9.269,,,,,,
,,29.367,0.067,-0.574,9.149,,,,,,
,,29.387,0.096,-0.546,9.130,,,,,,
,,29.407,0.096,-0.541,9.259,,,,,,
,,29.428,0.110,-0.546,9.302,,,,,,
,,29.448,0.096,-0.541,9.245,,,,,,
,,29.468,0.086,-0.541,9.192,,,,,,
,,29.489,0.110,-0.546,9.269,,,,,,
,,29.509,0.096,-0.584,9.312,,,,,,
,,29.530,0.077,-0.522,9.216,,,,,,
,,29.550,0.086,-0.507,9.159,,,,,,
,,29.570,0.019,-0.584,9.202,,,,,,
,,29.591,-0.019,-0.512,9.202,,,,,,
,,29.611,0.043,-0.445,9.125,,,,,,
,,29.631,0.057,-0.512,9.173,,,,,,
,,29.652,0.057,-0.584,9.269,,,,,,
,,29.672,0.139,-0.608,9.302,,,,,,
,,29.692,0.110,-0.565,9.312,,,,,,
,,29.713,0.010,-0.531,9.250,,,,,,
,,29.733,0.086,-0.541,9.183,,,,,,
,,29.754,0.120,-0.522,9.202,,,,,,
,,29.774,0.096,-0.574,9.226,,,,,,
,,29.794,0.100,-0.617,9.250,,,,,,
,,29.815,0.086,-0.555,9.269,,,,,,
,,29.835,0.096,-0.574,9.278,,,,,,
,,29.855,0.100,-0.589,9.278,,,,,,
,,29.876,0.086,-0.546,9.245,,,,,,
,,29.896,0.100,-0.584,9.259,,,,,,
,,29.916,0.120,-0.546,9.278,,,,,,
,,29.937,0.067,-0.574,9.250,,,,,,
,,29.957,0.057,-0.608,9.226,,,,,,
,,29.978,0.120,-0.507,9.202,,,,,,
,,29.998,0.129,-0.512,9.250,,,,,,
,,30.018,0.129,-0.541,9.278,,,,,,
,,30.038,0.096,-0.512,9.269,,,,,,
,,30.059,0.053,-0.498,9.288,,,,,,
,,30.079,0.057,-0.522,9.259,,,,,,
,,30.100,0.010,-0.589,9.202,,,,,,
,,30.120,0.067,-0.574,9.183,,,,,,
,,30.140,0.096,-0.507,9.288,,,,,,
,,30.161,0.053,-0.522,9.288,,,,,,
,,30.181,0.100,-0.546,9.116,,,,,,
,,30.202,0.067,-0.531,9.288,,,,,,
,,30.222,0.100,-0.507,9.235,,,,,,
,,30.242,0.220,-0.464,8.800,,,,,,
,,30.263,0.163,-0.522,8.996,,,,,,
,,30.283,0.110,-0.541,9.259,,,,,,
,,30.303,0.139,-0.565,9.183,,,,,,
,,30.324,0.096,-0.632,9.226,,,,,,
,,30.344,0.077,-0.555,9.302,,,,,,
,,30.364,0.077,-0.574,9.245,,,,,,
,,30.385,0.077,-0.660,9.216,,,,,,
,,30.405,0.096,-0.555,9.302,,,,,,
,,30.425,0.086,-0.512,9.312,,,,,,
,,30.446,0.053,-0.546,9.288,,,,,,
,,30.466,0.077,-0.498,9.259,,,,,,
,,30.486,0.077,-0.507,9.245,,,,,,
,,30.507,0.033,-0.522,9.245,,,,,,
,,30.527,0.077,-0.531,9.250,,,,,,
,,30.547,0.086,-0.598,9.312,,,,,,
,,30.568,0.110,-0.507,9.168,,,,,,
,,30.588,0.043,-0.435,9.226,,,,,,
,,30.609,0.077,-0.694,9.293,,,,,,
,,30.629,0.579,-0.445,9.288,,,,,,
,,30.649,0.512,-0.062,9.704,,,,,,
,,30.670,0.086,-0.445,9.465,,,,,,
,,30.690,0.177,-0.675,9.140,,,,,,
,,30.710,0.120,-0.498,9.312,,,,,,
,,30.731,0.053,-0.488,9.326,,,,,,
,,30.751,0.349,-0.546,9.465,,,,,,
,,30.771,0.096,-0.402,9.398,,,,,,
,,30.792,0.459,-0.866,9.288,,,,,,
,,30.812,1.053,-1.239,9.446,,,,,,
,,30.833,0.010,-0.077,9.441,,,,,,
,,30.853,-0.479,-0.053,9.030,,,,,,
,,30.873,-0.282,-0.651,9.063,,,,,,
,,30.894,-0.077,-0.110,9.259,,,,,,
,,30.914,0.297,-0.488,8.929,,,,,,
,,30.934,0.153,-0.991,8.967,,,,,,
