;Title, http://www.gcdataconcepts.com, x2-2,Kionix KXRB5-2050
;Version, 1102, Build date, Oct  6 2015,  SN:CCDC10023F56AE8
;Start_time, 2007-02-11, 22:57:00.707
;Temperature, -999.00, deg C,  Vbat, 4160, mv
;Gain, high
;SampleRate, 64,Hz
;Deadband, 0, counts
;DeadbandTimeout, 0,sec
;Headers, time,Ax,Ay,Az
0.439758,-1916,333,-12917
0.455383,-2207,519,-13374
0.471008,-2547,728,-13720
0.486633,-2670,576,-13910
0.502258,-2695,214,-13699
0.517883,-2868,-217,-12847
0.533508,-2704,-434,-12003
0.564758,-2379,-524,-12488
0.580383,-2086,-577,-13563
0.596008,-1474,-543,-13686
0.611633,-1008,-750,-13433
0.627258,-904,-1104,-13115
0.642883,-674,-1215,-12520
0.658508,-492,-1265,-12617
0.674133,-458,-1307,-13272
0.689758,-258,-1272,-13401
0.705383,-65,-1370,-13226
0.721008,-40,-1506,-13124
0.736633,-29,-1518,-13074
0.752258,-34,-1463,-13060
0.767883,-50,-1407,-13019
0.783508,-68,-1440,-13097
0.799133,-81,-1470,-13022
0.814758,-40,-1406,-12794
0.830383,-79,-1429,-13044
0.846008,-309,-1490,-13211
0.861633,-325,-1293,-12653
0.877258,171,-1315,-12892
0.892883,423,-1595,-13985
0.908508,385,-1331,-13763
0.924133,189,-1120,-13263
0.939758,-452,-1374,-13278
0.955383,-631,-1472,-12290
0.971008,-367,-1500,-11842
0.986633,-156,-1441,-12969
1.002258,191,-1202,-13952
1.017883,349,-1091,-14088
1.033508,196,-1234,-13654
1.049133,-134,-1522,-12856
1.064758,-422,-1620,-11971
1.080383,-445,-1491,-12162
1.096008,-358,-1375,-13422
1.111633,-13,-1168,-13727
1.127258,337,-1106,-13508
1.142883,148,-1350,-13638
1.158508,-86,-1334,-12867
1.174133,-270,-1250,-12454
1.189758,-620,-1450,-12983
1.205383,-383,-1341,-12794
1.221008,41,-1402,-13094
1.236633,19,-1463,-12935
1.252258,-220,-652,-12533
1.267883,-2031,-250,-14683
1.283508,-3579,274,-14670
1.299133,-3095,740,-11912
1.314758,-3273,-140,-11763
1.330383,-3125,-461,-12312
1.346008,-1716,117,-12485
1.361633,-1033,530,-14381
1.377258,-1102,660,-15650
1.392883,-1256,482,-14283
1.408508,-1554,246,-12296
1.424133,-2000,224,-11581
1.439758,-2091,441,-11949
1.455383,-1552,901,-12774
1.471008,-954,1364,-14077
1.486633,-654,1565,-14902
1.502258,-465,1669,-14133
1.517883,-552,1562,-13097
1.533508,-890,1439,-12515
1.549133,-927,1853,-11956
1.564758,-622,2381,-12679
1.580383,-220,2792,-14236
1.596008,166,3353,-14693
1.611633,294,3683,-14345
1.627258,285,3681,-13606
1.642883,410,3663,-12585
1.658508,692,3779,-12358
1.674133,989,4154,-13258
1.689758,1178,4783,-14360
1.705383,1328,5422,-14799
1.721008,1473,5701,-14276
1.736633,1815,5656,-13176
1.752258,2335,5561,-12637
1.767883,2778,5515,-12947
1.783508,3176,5717,-13526
1.799133,3315,6135,-14360
1.814758,3372,6408,-14949
1.830383,3408,6465,-14518
1.846008,3203,6454,-13495
1.861633,3169,6481,-12687
1.877258,3221,6588,-12617
1.892883,3276,6872,-13299
1.908508,3271,7549,-14161
1.924133,3071,8247,-14820
1.939758,3094,8666,-15006
1.955383,3356,8938,-14572
1.971008,3704,8886,-13904
1.986633,3987,8736,-13528
2.002258,4217,8847,-13476
2.017883,4583,8886,-13610
2.033508,5020,8773,-13974
2.049133,5354,8700,-14527
2.064758,5497,8400,-14863
2.080383,5504,7833,-14551
2.096008,5260,7292,-13656
2.111633,4803,7025,-12854
2.127258,4428,7075,-12945
2.142883,4024,7384,-14013
2.158508,3597,7813,-14938
2.174133,3483,8075,-14667
2.189880,3479,8157,-13772
2.205505,3440,8234,-13328
2.221130,3608,8402,-13522
2.236755,3956,8527,-13947
2.252380,4395,8495,-14120
2.268005,4774,8390,-14140
2.283630,4960,8261,-14188
2.299255,5042,8229,-13994
2.314880,4970,8165,-13847
2.330505,4885,8182,-13631
2.346130,5008,8447,-13361
2.361755,5131,8427,-14124
2.377380,5147,8445,-14724
2.393005,5122,8757,-14252
2.408630,5022,8797,-14206
2.424255,5052,8784,-13999
2.439880,5254,8813,-13338
2.455505,5406,8748,-13529
2.471130,5481,8943,-14031
2.486755,5433,9334,-14263
2.502380,5217,9716,-14368
2.518005,4986,10136,-14135
2.533630,4977,10445,-13867
2.549255,5195,10600,-13802
2.564880,5417,10791,-13913
2.580505,5674,11200,-14024
2.596130,5870,11637,-14233
2.611755,6074,12011,-14901
2.627380,6417,12230,-15201
2.643005,6502,12218,-14554
2.658630,6654,12161,-13904
2.674255,6884,12032,-13526
2.689880,6434,11996,-12747
2.705505,5779,12353,-12663
2.721130,5349,13466,-14310
2.736755,5385,14878,-15956
2.752380,6659,15385,-16468
2.768005,8020,14891,-16870
2.783630,8516,14276,-14156
2.799255,8057,12830,-7701
2.814880,6242,12278,-7093
2.830505,6179,14151,-13163
2.846130,8295,15132,-16329
2.861755,8797,14958,-16720
2.877380,8320,14710,-16334
2.893005,8165,14285,-12147
2.908630,7983,13691,-9753
2.924255,7165,13284,-13063
2.939880,7243,14375,-14747
2.955505,8566,15589,-14722
2.971130,8932,15073,-16622
2.986755,9216,14873,-15743
3.002380,9245,14789,-13760
3.018005,8368,13626,-14402
3.033630,7874,14089,-12538
3.049255,8102,15119,-11422
3.064880,8868,15110,-15063
3.080505,9450,15633,-16947
3.096130,9591,15817,-16370
3.111755,9518,15532,-15181
3.127380,9057,15864,-13551
3.143005,8645,15607,-14570
3.158630,8616,15210,-14710
3.174255,9673,16290,-11506
3.189758,9279,15999,-13588
3.205383,9314,15232,-16782
3.221008,11439,14230,-13351
3.236633,9534,12112,-9519
3.252258,8232,13969,-8539
3.267883,8452,14975,-10815
3.283508,6950,14759,-13870
3.299133,7911,16824,-15409
3.314758,8900,16906,-16763
3.330383,8768,16328,-16916
3.346008,9425,16307,-13567
3.361633,9215,15521,-10551
3.377258,8224,15107,-11376
3.392883,8623,16057,-13397
3.408508,8507,16608,-15861
3.424133,7497,16573,-16995
3.439758,8209,16715,-15420
3.455383,8879,16676,-12849
3.471008,8745,16664,-12140
3.486633,9238,16683,-14172
3.502258,9506,16674,-16331
3.517883,8706,16678,-16956
3.533508,8524,16678,-14758
3.549133,8893,16678,-12817
3.564758,9895,16678,-13756
3.580383,11520,16678,-13767
3.596008,12382,16678,-15283
3.611633,12994,16678,-17273
3.627258,11161,16678,-13160
3.642883,10439,16678,-11196
3.658508,11582,16678,-14629
3.674133,11521,16678,-14252
3.689758,13209,16678,-14217
3.705383,14301,16678,-16636
3.721008,13578,16678,-16484
3.736633,13096,16678,-16349
3.752258,12455,16678,-16645
3.767883,12586,16678,-14833
3.783508,13459,16678,-13174
3.799133,13680,16678,-14236
3.814758,13934,16678,-15768
3.830383,14223,16678,-16079
3.846008,13976,16678,-16150
3.861633,13394,16678,-15518
3.877258,13312,16678,-14158
3.892883,13785,16678,-14451
3.908508,14980,16678,-16588
3.924133,16248,16678,-16654
3.939758,16494,16678,-13727
3.955383,16439,16678,-14347
3.971008,15782,16678,-16499
3.986633,15591,16678,-13994
4.002258,15571,16678,-14077
4.017883,15348,16678,-16636
4.033508,16242,16678,-15336
4.049133,16512,16678,-13947
4.064758,16274,16678,-13672
4.080383,16423,16678,-14038
4.096008,16387,16678,-15792
4.111633,16337,16678,-16741
4.127258,16369,16678,-16506
4.142883,16387,16678,-15938
4.158508,16376,16678,-15645
4.174133,16396,16678,-15206
4.189758,16328,16678,-13394
4.205383,16048,16678,-13552
4.221008,15866,16678,-15959
4.236633,16149,16678,-16750
4.252258,16428,16678,-16704
4.267883,16378,16678,-14754
4.283508,16373,16678,-12574
4.299133,16392,16678,-14426
4.314758,16357,16678,-16584
4.330383,16371,16678,-16447
4.346008,16387,16678,-16124
4.361633,16380,16678,-16091
4.377258,16382,16678,-15508
4.392883,16383,16678,-15113
4.408508,16382,16678,-16043
4.424133,16382,16678,-16586
4.439758,16382,16678,-16450
4.455383,16382,16678,-16872
4.471008,16382,16678,-15561
4.486633,16382,16678,-14518
4.502258,16382,16678,-16172
4.517883,16382,16678,-16632
4.533508,16382,16678,-16297
4.549133,16382,16678,-16574
4.564758,16382,16678,-15992
4.580383,16382,16678,-15545
4.596008,16382,16678,-15963
4.611633,16382,16678,-16456
4.627258,16382,16678,-16641
4.642883,16382,16678,-16375
4.658508,16382,16678,-16740
4.674133,16382,16678,-16274
4.689758,16382,16678,-13195
4.705383,16382,16678,-13074
4.721008,16382,16678,-16268
4.736633,16382,16678,-16815
4.752258,16382,16678,-16249
4.767883,16382,16678,-16857
4.783508,16382,16678,-15752
4.799133,16382,16678,-12826
4.814758,16382,16678,-13111
4.830383,16382,16678,-15988
4.846008,16382,16678,-16765
4.861633,16382,16678,-16411
4.877258,16382,16678,-16565
4.892883,16382,16678,-16647
4.908508,16382,16678,-16140
4.924133,16382,16678,-15722
4.939758,16382,16678,-16102
4.955383,16382,16678,-16707
4.971008,16382,16678,-16618
4.986633,16382,16678,-14968
5.002258,16382,16678,-14724
5.017883,16382,16678,-16416
5.033508,16382,16678,-16643
5.049133,16382,16678,-16572
5.064758,16382,16678,-16229
5.080383,16382,16678,-15358
5.096008,16382,16678,-15949
5.111633,16382,16678,-16684
5.127258,16382,16678,-16500
5.142883,16382,16678,-16347
5.158508,16382,16678,-16416
5.174133,16382,16678,-15561
5.189758,16382,16678,-15079
5.205383,16382,16678,-16424
5.221008,16382,16678,-16608
5.236633,16382,16678,-16434
5.252258,16382,16678,-16891
5.267883,16382,16678,-13944
5.283508,16382,16678,-12506
5.299133,16382,16678,-16238
5.314758,16382,16678,-15831
5.330383,16382,16678,-14233
5.346008,16382,16678,-16822
5.361633,16382,16678,-15465
5.377258,16382,16678,-14190
5.392883,16382,16678,-15718
5.408508,16382,16678,-14115
5.424133,16382,16678,-14749
5.439758,16382,16678,-16965
5.455383,16382,16678,-16506
5.471008,16382,16678,-16334
5.486633,16382,16678,-16277
5.502258,16382,16678,-16034
5.517883,16382,16678,-16397
5.533508,16382,16678,-16499
5.549133,16382,16678,-16729
5.564758,16382,16678,-16104
5.580383,16382,16678,-14277
5.596008,16382,16678,-14977
5.611633,16382,16678,-16634
5.627258,16382,16678,-16561
5.642883,16382,16678,-16613
5.658508,16382,16678,-15927
5.674133,16382,16678,-15258
5.689758,16382,16678,-16377
5.705383,16382,16678,-16641
5.721008,16382,16678,-15558
5.736633,16382,16678,-14572
5.752258,16382,16678,-14133
5.767883,16382,16678,-15284
5.783508,16382,16678,-16586
5.799133,16382,16678,-16490
5.814758,16382,16678,-16541
5.830383,16382,16678,-16536
5.846008,16382,16678,-14094
5.861633,16382,16678,-10889
5.877258,16382,16678,-12160
5.892883,16382,16678,-15975
5.908508,16382,16678,-16661
5.924133,16382,16678,-16563
5.939758,16382,16678,-16433
5.955383,16382,16678,-13706
5.971008,16382,16678,-12976
5.986633,16382,16678,-15406
6.002258,16382,16678,-16515
6.017883,16382,16678,-16474
6.033508,16382,16678,-16509
6.049133,16382,16678,-16620
6.064758,16382,16678,-16134
6.080383,16382,16678,-15072
6.096008,16382,16678,-15679
6.111633,16382,16678,-16732
6.127258,16382,16678,-16391
6.142883,16382,16678,-16554
6.158508,16382,16678,-15972
6.174133,16382,16678,-14345
6.189758,16382,16678,-15342
6.205383,16382,16678,-16745
6.221008,16382,16678,-16422
6.236633,16382,16678,-16693
6.252258,16382,16678,-16133
6.267883,16382,16678,-14760
6.283508,16382,16678,-15627
6.299133,16382,16678,-16761
6.314758,16382,16678,-16447
6.330383,16382,16678,-16529
6.346008,16382,16678,-16620
6.361633,16382,16678,-15461
6.377258,16382,16678,-15013
6.392883,16382,16678,-16238
6.408508,16382,16678,-16700
6.424133,16382,16678,-16449
6.439758,16382,16678,-16606
6.455383,16382,16678,-16341
6.471008,16382,16678,-15645
6.486633,16382,16678,-15668
6.502258,16382,16678,-16254
6.517883,16382,16678,-16529
6.533508,16382,16678,-16663
6.549133,16382,16678,-16229
6.564758,16382,16678,-15836
6.580383,16382,16678,-16402
6.596008,16382,16678,-16636
6.611633,16382,16678,-16541
6.627258,16382,16678,-16413
6.642883,16382,16678,-16225
6.658508,16382,16678,-16459
6.674133,16382,16678,-16611
6.689758,16382,16678,-16520
6.705383,16382,16678,-16511
6.721008,16382,16678,-16627
6.736633,16382,16678,-16024
6.752258,16382,16678,-15197
6.767883,16382,16678,-15870
6.783508,16382,16678,-16682
6.799133,16382,16678,-16518
6.814758,16382,16678,-16483
6.830383,16382,16678,-16693
6.846008,16382,16678,-16241
6.861633,16382,16678,-15797
6.877258,16382,16678,-16361
6.892883,16382,16678,-16641
6.908508,16382,16678,-16506
6.924133,16382,16678,-16559
6.939758,16382,16678,-16427
6.955383,16382,16678,-16425
6.971008,16382,16678,-16584
6.986633,16382,16678,-16540
7.002258,16382,16678,-16450
7.017883,16382,16678,-16508
7.033508,16382,16678,-16561
7.049133,16382,16678,-16541
7.064758,16382,16678,-16543
7.080383,16382,16678,-16547
7.096008,16382,16678,-16547
7.111633,16382,16678,-16540
7.127258,16382,16678,-16527
7.142883,16382,16678,-16543
7.158508,16382,16678,-16547
7.174133,16382,16678,-16541
7.189758,16382,16678,-16552
7.205383,16382,16678,-16533
7.221008,16382,16678,-16520
7.236633,16382,16678,-16538
7.252258,16382,16678,-16534
7.267883,16382,16678,-16583
7.283508,16382,16678,-16470
7.299133,16382,16678,-16331
7.314758,16382,16678,-16500
7.330383,16382,16678,-16581
7.346008,16382,16678,-16527
7.361633,16382,16678,-16549
7.377258,16382,16678,-16541
7.392883,16382,16678,-16545
7.408508,16382,16678,-16558
7.424133,16382,16678,-16488
7.439758,16382,16678,-16652
7.455383,16382,16678,-16465
7.471008,16382,16678,-16365
7.486633,16382,16678,-17157
7.502258,16382,16678,-14777
7.517883,16382,16678,-12744
7.533508,16382,16678,-15904
7.549133,16382,16678,-17000
7.564758,16382,16678,-16193
7.580383,16382,16678,-16811
7.596008,16382,16678,-14806
7.611633,16382,16678,-12822
7.627258,16382,16678,-15058
7.642883,16382,16678,-16932
7.658508,16382,16678,-16400
7.674133,16382,16678,-16502
7.689758,16382,16678,-16790
7.705383,16382,16678,-15272
7.721008,16382,16678,-14608
7.736633,16382,16678,-16177
7.752258,16382,16678,-16836
7.767883,16382,16678,-16324
7.783508,16382,16678,-16006
7.799133,16382,16678,-16336
7.814758,16382,16678,-16533
7.830383,16382,16678,-16483
7.846008,16382,16678,-16613
7.861633,16382,16678,-16063
7.877258,16382,16678,-15947
7.892883,16382,16678,-16554
7.908508,16382,16678,-16565
7.924133,16382,16678,-16477
7.939758,16382,16678,-16579
7.955383,16382,16678,-16547
7.971008,16382,16678,-16458
7.986633,16382,16678,-16475
8.002258,16382,16678,-16566
8.017883,16382,16678,-16533
8.033508,16382,16678,-16540
8.049133,16382,16678,-16584
8.064758,16382,16678,-16270
8.080383,16382,16678,-16086
8.096008,16382,16678,-16449
8.111633,16382,16678,-16590
8.127258,16382,16678,-16495
8.142883,16382,16678,-16620
8.158508,16382,16678,-16363
8.174133,16382,16678,-15933
8.189758,16382,16678,-16272
8.205383,16382,16678,-16606
8.221008,16382,16678,-16499
8.236633,16382,16678,-16611
8.252258,16382,16678,-16395
8.267883,16382,16678,-16013
8.283508,16382,16678,-16356
8.299133,16382,16678,-16641
8.314758,16382,16678,-16488
8.330383,16382,16678,-16556
8.346008,16382,16678,-16583
8.361633,16382,16678,-15852
8.377258,16382,16678,-15508
8.392883,16382,16678,-16299
8.408508,16382,16678,-16629
8.424133,16382,16678,-16513
8.439758,16382,16678,-16545
8.455383,16382,16678,-16227
8.471008,16382,16678,-16166
8.486633,16382,16678,-16547
8.502258,16382,16678,-16565
8.517883,16382,16678,-16497
8.533508,16382,16678,-16643
8.549133,16382,16678,-16154
8.564758,16382,16678,-15600
8.580383,16382,16678,-16143
8.596008,16382,16678,-16622
8.611633,16382,16678,-16524
8.627258,16382,16678,-16538
8.642883,16382,16678,-16511
8.658508,16382,16678,-16452
8.674133,16382,16678,-16522
8.689758,16382,16678,-16541
8.705383,16382,16678,-16531
8.721008,16382,16678,-16575
8.736633,16382,16678,-16220
8.752258,16382,16678,-15756
8.767883,16382,16678,-16120
8.783508,16382,16678,-16634
8.799133,16382,16678,-16443
8.814758,16382,16678,-16186
8.830383,16382,16678,-16402
8.846008,16382,16678,-16536
8.861633,16382,16678,-16358
8.877258,16382,16678,-16391
8.892883,16382,16678,-16409
8.908508,16382,16678,-16172
8.924133,16382,16678,-16074
8.939758,16382,16678,-16125
8.955383,16382,16678,-16306
8.971008,16382,16678,-16524
8.986633,16382,16678,-16470
9.002258,16382,16678,-16356
9.017883,16382,16678,-16391
9.033508,16382,16678,-16425
9.049133,16382,16678,-16386
9.064758,16382,16678,-16331
9.080383,16382,16678,-16263
9.096008,16382,16678,-16158
9.111633,16382,16678,-15940
9.127258,16382,16678,-15856
9.142883,16382,16678,-16220
9.158508,16382,16678,-16395
9.174133,16382,16678,-16134
9.189758,16382,16678,-16061
9.205383,16382,16678,-16133
9.221008,16382,16678,-16152
9.236633,16382,16678,-16216
9.252258,16382,16678,-16191
9.267883,16382,16678,-16015
9.283508,16382,16678,-15768
9.299133,16382,16678,-15659
9.314758,16382,16678,-15900
9.330383,16382,16678,-16206
9.346008,16382,16678,-16341
9.361633,16382,16678,-16211
9.377258,16382,16678,-15925
9.392883,16382,16678,-15990
9.408508,16382,16678,-16186
9.424133,16382,16678,-16218
9.439758,16382,16678,-16241
9.455383,16382,16678,-16045
9.471008,16382,16678,-15715
9.486633,16382,16678,-15645
9.502258,16382,16678,-15772
9.517883,16382,16678,-16006
9.533508,16382,16678,-16059
9.549133,16382,16678,-15724
9.564758,16382,16678,-15709
9.580383,16382,16678,-16038
9.596008,16382,16678,-16040
9.611633,16382,16678,-16091
9.627258,16382,16678,-16108
9.642883,16382,16678,-15643
9.658508,16382,16678,-15502
9.674133,16382,16678,-15670
9.689758,16382,16678,-15675
9.705383,16382,16678,-15865
9.721008,16380,16678,-16033
9.736633,16382,16678,-15893
9.752258,16385,16678,-15583
9.767883,16360,16678,-15570
9.783508,16289,16678,-15963
9.799133,16187,16678,-16141
9.814758,16010,16678,-16090
9.830383,15832,16678,-15867
9.846008,15799,16678,-15376
9.861633,15637,16678,-15270
9.877258,15383,16678,-15568
9.892883,15428,16678,-15675
9.908508,15473,16678,-15800
9.924133,15350,16678,-15683
9.939758,15405,16678,-15184
9.955383,15471,16678,-15336
9.971008,15378,16678,-15909
9.986633,15378,16678,-15806
10.002258,15394,16678,-15622
10.017883,15355,16678,-15779
10.033508,15344,16678,-15450
10.049133,15310,16678,-15081
10.064758,15291,16678,-15379
10.080383,15269,16678,-15679
10.096008,15180,16678,-15672
10.111633,15053,16678,-15609
10.127258,14914,16678,-15347
10.142883,14789,16678,-15138
10.158508,14778,16678,-15340
10.174133,14771,16678,-15670
10.189758,14617,16678,-15827
10.205383,14485,16678,-15827
10.221008,14332,16678,-15649
10.236633,14103,16678,-15258
10.252258,13955,16678,-15104
10.267883,13893,16678,-15320
10.283508,13919,16678,-15563
10.299133,13882,16678,-15652
10.314758,13725,16678,-15365
10.330383,13673,16678,-14918
10.346008,13625,16678,-14997
10.361633,13519,16678,-15440
10.377258,13598,16678,-15636
10.392883,13743,16678,-15515
10.408508,13685,16678,-15258
10.424133,13555,16678,-15184
10.439758,13507,16678,-15254
10.455383,13455,16678,-15276
10.471008,13432,16678,-15376
10.486633,13509,16678,-15397
10.502258,13528,16678,-15231
10.517883,13534,16678,-15063
10.533508,13500,16678,-14956
10.549133,13337,16678,-15086
10.564758,13252,16678,-15425
10.580383,13221,16678,-15458
10.596008,13155,16678,-15158
10.611633,13084,16678,-15017
10.627258,12962,16678,-15145
10.642883,12787,16678,-15390
10.658508,12680,16678,-15477
10.674133,12602,16678,-15299
10.689758,12462,16678,-15179
10.705383,12366,16678,-15059
10.721008,12216,16678,-14947
10.736633,12037,16678,-15054
10.752258,12003,16678,-15131
10.767883,11982,16678,-15143
10.783508,12002,16678,-15029
10.799133,12036,16678,-14772
10.814758,11928,16678,-14922
10.830383,11848,16678,-15270
10.846008,11868,16678,-15159
10.861633,11875,16678,-14997
10.877258,11871,16678,-15033
10.892883,11891,16678,-14904
10.908508,11896,16678,-14884
10.924133,11848,16678,-15026
10.939758,11789,16678,-14999
10.955383,11786,16678,-14947
10.971008,11798,16678,-14895
10.986633,11757,16678,-14829
11.002258,11705,16678,-14886
11.017883,11654,16678,-14934
11.033508,11543,16678,-14981
11.049133,11455,16678,-14983
11.064758,11404,16678,-14801
11.080383,11348,16678,-14809
11.096008,11250,16678,-15077
11.111633,11161,16678,-15226
11.127258,11123,16678,-15165
11.142883,10971,16678,-14959
11.158508,10843,16678,-14760
11.174133,10793,16678,-14672
11.189880,10625,16678,-14820
11.205505,10493,16678,-15052
11.221130,10423,16678,-15011
11.236755,10300,16678,-14883
11.252380,10227,16678,-14747
11.268005,10257,16678,-14511
11.283630,10298,16678,-14660
11.299255,10257,16678,-15047
11.314880,10202,16678,-14940
11.330505,10177,16676,-14724
11.346130,10122,16680,-14713
11.361755,10107,16678,-14577
11.377380,10136,16662,-14685
11.393005,10150,16667,-14942
11.408630,10182,16665,-14918
11.424255,10204,16603,-14858
11.439880,10164,16596,-14686
11.455505,10107,16592,-14424
11.471130,10100,16490,-14458
11.486755,10088,16464,-14738
11.502380,10066,16478,-14972
11.518005,10007,16412,-14867
11.533630,9898,16330,-14488
11.549255,9818,16305,-14336
11.564880,9752,16333,-14529
11.580505,9798,16278,-14843
11.596130,9820,16203,-14974
11.611755,9664,16160,-14870
11.627380,9534,16042,-14779
11.643005,9370,15898,-14574
11.658630,9222,15787,-14388
11.674255,9188,15748,-14556
11.689880,9143,15683,-14742
11.705505,9088,15530,-14815
11.721130,8950,15348,-14811
11.736755,8748,15208,-14511
11.752380,8690,15101,-14211
11.768005,8704,14933,-14395
11.783630,8647,14794,-14702
11.799255,8627,14687,-14642
11.814880,8588,14559,-14574
11.830505,8497,14407,-14492
11.846130,8518,14269,-14233
11.861755,8516,14169,-14397
11.877380,8472,14091,-14683
11.893005,8556,14059,-14474
11.908630,8597,13878,-14465
11.924255,8534,13691,-14676
11.939880,8511,13725,-14395
11.955505,8481,13662,-14249
11.971130,8457,13568,-14533
11.986755,8527,13568,-14547
12.002380,8538,13519,-14417
12.018005,8424,13455,-14472
12.033630,8359,13416,-14477
12.049255,8375,13400,-14326
12.064880,8377,13366,-14383
12.080505,8382,13316,-14524
12.096130,8357,13282,-14415
12.111755,8282,13269,-14395
12.127380,8207,13221,-14431
12.143005,8134,13144,-14381
12.158630,8011,13135,-14397
12.174255,7891,13084,-14395
12.189758,7890,12985,-14370
12.205383,7840,12907,-14333
12.221008,7691,12843,-14361
12.236633,7575,12811,-14481
12.252258,7508,12725,-14443
12.267883,7413,12596,-14317
12.283508,7283,12484,-14306
12.299133,7225,12346,-14292
12.314758,7154,12207,-14249
12.330383,7063,12120,-14335
12.346008,7049,12023,-14358
12.361633,7077,11866,-14236
12.377258,7052,11741,-14235
12.392883,6967,11627,-14279
12.408508,6961,11470,-14208
12.424133,6892,11400,-14206
12.439758,6799,11309,-14363
12.455383,6867,11141,-14297
12.471008,6924,11082,-14036
12.486633,6900,11000,-14181
12.502258,6845,10905,-14331
12.517883,6881,10930,-14161
12.533508,6943,10821,-14276
12.549133,6890,10696,-14254
12.564758,6840,10745,-14019
12.580383,6870,10646,-14206
12.596008,6900,10534,-14231
12.611633,6870,10582,-14035
12.627258,6834,10529,-14154
12.642883,6790,10457,-14258
12.658508,6804,10470,-14211
12.674133,6838,10514,-13999
12.689758,6772,10518,-14004
12.705383,6840,10405,-14335
12.721008,6817,10322,-14142
12.736633,6606,10297,-14065
12.752258,6615,10245,-14370
12.767883,6536,10152,-14020
12.783508,6356,10148,-13935
12.799133,6388,10143,-14310
12.814758,6295,10039,-14120
12.830383,6168,10073,-14086
12.846008,6184,10052,-14313
12.861633,6079,9970,-14167
12.877258,5917,9963,-14033
12.892883,5831,9836,-14127
12.908508,5774,9707,-14151
12.924133,5802,9589,-14036
12.939758,5845,9456,-14090
12.955383,5768,9386,-14149
12.971008,5665,9297,-13983
12.986633,5574,9200,-14051
13.002258,5485,9081,-14138
13.017883,5447,8909,-13908
13.033508,5372,8770,-13895
13.049133,5294,8672,-14006
13.064758,5322,8584,-13944
13.080383,5306,8552,-13985
13.096008,5286,8527,-14029
13.111633,5338,8420,-13933
13.127258,5345,8336,-13885
13.142883,5347,8275,-13967
13.158508,5331,8195,-14069
13.174133,5331,8156,-14044
13.189758,5388,8036,-13961
13.205383,5438,7906,-13879
13.221008,5431,7879,-13879
13.236633,5386,7868,-13963
13.252258,5374,7859,-13997
13.267883,5340,7815,-14026
13.283508,5297,7797,-13945
13.299133,5311,7763,-13863
13.314758,5324,7681,-13870
13.330383,5319,7670,-13765
13.346008,5324,7666,-13836
13.361633,5345,7672,-14036
13.377258,5313,7729,-13931
13.392883,5256,7699,-13833
13.408508,5211,7638,-13877
13.424133,5154,7643,-13870
13.439758,5165,7595,-13952
13.455383,5101,7541,-13994
13.471008,5008,7515,-13927
13.486633,5029,7456,-13847
13.502258,4927,7445,-13767
13.517883,4819,7483,-13894
13.533508,4856,7447,-14019
13.549133,4786,7397,-13974
13.564758,4697,7367,-13983
13.580383,4661,7265,-13902
13.596008,4544,7193,-13758
13.611633,4453,7149,-13777
13.627258,4410,7072,-13872
13.642883,4399,7006,-13894
13.658508,4394,6925,-13892
13.674133,4281,6845,-13879
13.689758,4179,6777,-13744
13.705383,4126,6693,-13729
13.721008,4051,6615,-13901
13.736633,4033,6515,-13890
13.752258,4070,6386,-13763
13.767883,4035,6324,-13747
13.783508,3935,6301,-13769
13.799133,3940,6226,-13749
13.814758,3994,6124,-13744
13.830383,3940,6035,-13790
13.846008,3951,5963,-13727
13.861633,3994,5852,-13669
13.877258,3920,5765,-13792
13.892883,3899,5783,-13752
13.908508,3913,5731,-13683
13.924133,3913,5599,-13754
13.939758,3956,5563,-13681
13.955383,3999,5522,-13713
13.971008,3992,5504,-13852
13.986633,3962,5538,-13781
14.002258,3953,5452,-13676
14.017883,3929,5377,-13631
14.033508,3928,5354,-13685
14.049133,3970,5326,-13715
14.064758,3983,5351,-13672
14.080383,4003,5326,-13813
14.096008,4042,5286,-13770
14.111633,4026,5281,-13583
14.127258,4022,5224,-13654
14.142883,3990,5229,-13624
14.158508,3926,5277,-13636
14.174133,3956,5240,-13861
14.189880,3949,5231,-13763
14.205505,3906,5210,-13583
14.221130,3924,5129,-13627
14.236755,3885,5138,-13635
14.252380,3838,5195,-13727
14.268005,3828,5215,-13831
14.283630,3795,5195,-13708
14.299255,3756,5158,-13577
14.314880,3644,5142,-13556
14.330505,3574,5110,-13627
14.346130,3597,5079,-13747
14.361755,3529,5070,-13731
14.377380,3487,5033,-13677
14.393005,3462,5001,-13681
14.408630,3351,4992,-13679
14.424255,3299,4974,-13717
14.439880,3253,4935,-13692
14.455505,3210,4851,-13642
14.471130,3190,4781,-13694
14.486755,3119,4740,-13690
14.502380,3053,4660,-13642
14.518005,3013,4588,-13638
14.533630,3008,4545,-13617
14.549255,3006,4494,-13627
14.564880,2951,4440,-13654
14.580505,2903,4381,-13627
14.596130,2840,4315,-13595
14.611755,2742,4265,-13572
14.627380,2728,4206,-13569
14.643005,2758,4108,-13626
14.658630,2747,4047,-13604
14.674255,2806,3985,-13504
14.689880,2785,3901,-13560
14.705505,2688,3865,-13560
14.721130,2753,3801,-13513
14.736755,2721,3722,-13629
14.752380,2672,3663,-13538
14.768005,2733,3619,-13465
14.783630,2674,3583,-13663
14.799255,2676,3554,-13569
14.814880,2730,3512,-13472
14.830505,2701,3435,-13595
14.846130,2746,3410,-13442
14.861755,2780,3371,-13454
14.877380,2751,3338,-13595
14.893005,2767,3379,-13497
14.908630,2763,3312,-13577
14.924255,2756,3238,-13540
14.939880,2788,3238,-13395
14.955505,2774,3187,-13531
14.971130,2765,3187,-13526
14.986755,2799,3204,-13497
15.002380,2803,3183,-13590
15.018005,2788,3181,-13511
15.033630,2830,3135,-13422
15.049255,2831,3137,-13392
15.064880,2796,3176,-13506
15.080505,2844,3149,-13588
15.096130,2851,3160,-13436
15.111755,2797,3121,-13540
15.127380,2787,3076,-13563
15.143005,2744,3140,-13311
15.158630,2774,3104,-13458
15.174255,2830,3081,-13563
15.189758,2731,3154,-13431
15.205383,2726,3124,-13542
15.221008,2728,3115,-13524
15.236633,2622,3151,-13372
15.252258,2633,3115,-13440
15.267883,2635,3101,-13547
15.283508,2610,3108,-13569
15.299133,2597,3090,-13528
15.314758,2544,3065,-13497
15.330383,2537,3042,-13476
15.346008,2494,3040,-13442
15.361633,2430,3042,-13481
15.377258,2385,3031,-13524
15.392883,2337,3012,-13535
15.408508,2321,3001,-13558
15.424133,2246,2974,-13506
15.439758,2205,2919,-13435
15.455383,2199,2897,-13456
15.471008,2137,2860,-13501
15.486633,2151,2808,-13506
15.502258,2131,2812,-13490
15.517883,2022,2797,-13494
15.533508,1997,2733,-13508
15.549133,1980,2692,-13463
15.564758,1946,2637,-13399
15.580383,1928,2574,-13440
15.596008,1867,2555,-13476
15.611633,1846,2499,-13428
15.627258,1828,2458,-13467
15.642883,1769,2444,-13488
15.658508,1799,2364,-13397
15.674133,1778,2294,-13419
15.689758,1705,2258,-13411
15.705383,1740,2196,-13351
15.721008,1714,2146,-13458
15.736633,1637,2121,-13472
15.752258,1658,2085,-13370
15.767883,1648,2037,-13378
15.783508,1617,1978,-13379
15.799133,1648,1924,-13372
15.814758,1667,1892,-13395
15.830383,1637,1844,-13424
15.846008,1631,1794,-13417
15.861633,1671,1776,-13281
15.877258,1655,1758,-13328
15.892883,1612,1714,-13485
15.908508,1671,1683,-13315
15.924133,1676,1640,-13331
15.939758,1599,1580,-13476
15.955383,1660,1574,-13254
15.971008,1701,1531,-13294
15.986633,1655,1496,-13465
16.002258,1712,1535,-13313
16.017883,1744,1489,-13329
16.033508,1703,1456,-13385
16.049133,1714,1469,-13320
16.064758,1746,1415,-13347
16.080383,1742,1401,-13304
16.096008,1726,1389,-13367
16.111633,1746,1365,-13415
16.127258,1774,1405,-13279
16.142883,1760,1369,-13411
16.158508,1778,1326,-13401
16.174133,1812,1380,-13179
16.189880,1783,1351,-13351
16.205505,1776,1319,-13388
16.221130,1812,1348,-13253
16.236755,1812,1333,-13381
16.252380,1781,1351,-13378
16.268005,1778,1356,-13290
16.283630,1803,1317,-13336
16.299255,1803,1321,-13328
16.314880,1799,1337,-13303
16.330505,1821,1328,-13308
16.346130,1812,1339,-13369
16.361755,1774,1373,-13404
16.377380,1756,1373,-13260
16.393005,1773,1333,-13260
16.408630,1785,1333,-13388
16.424255,1728,1362,-13317
16.439880,1728,1331,-13356
16.455505,1773,1314,-13417
16.471130,1690,1362,-13233
16.486755,1671,1365,-13269
16.502380,1717,1348,-13411
16.518005,1648,1371,-13338
16.533630,1646,1371,-13360
16.549255,1674,1353,-13356
16.564880,1605,1346,-13238
16.580505,1578,1351,-13308
16.596130,1558,1355,-13385
16.611755,1508,1339,-13353
16.627380,1508,1330,-13353
16.643005,1474,1335,-13351
16.658630,1439,1324,-13319
16.674255,1426,1298,-13290
16.689880,1369,1289,-13313
16.705505,1362,1292,-13361
16.721130,1374,1269,-13333
16.736755,1353,1228,-13297
16.752380,1319,1235,-13358
16.768005,1244,1244,-13369
16.783630,1237,1190,-13308
16.799255,1269,1142,-13236
16.814880,1187,1149,-13208
16.830505,1119,1153,-13313
16.846130,1162,1089,-13342
16.861755,1178,1044,-13290
16.877380,1121,1069,-13335
16.893005,1083,1039,-13301
16.908630,1060,983,-13267
16.924255,1005,976,-13342
16.939880,969,948,-13286
16.955505,944,905,-13274
16.971130,908,885,-13410
16.986755,914,855,-13374
17.002380,898,837,-13286
17.018005,865,817,-13278
17.033630,896,746,-13210
17.049255,878,717,-13258
17.064880,833,717,-13354
17.080505,833,678,-13306
17.096130,805,639,-13249
17.111755,807,574,-13220
17.127380,785,548,-13226
17.143005,755,551,-13226
17.158630,769,499,-13272
17.174255,710,476,-13329
17.189758,719,480,-13181
17.205383,767,448,-13176
17.221008,710,424,-13344
17.236633,767,389,-13236
17.252258,857,317,-13215
17.267883,769,287,-13331
17.283508,760,289,-13176
17.299133,790,269,-13156
17.314758,740,216,-13335
17.330383,767,185,-13249
17.346008,767,164,-13154
17.361633,705,101,-13245
17.377258,698,67,-13224
17.392883,760,71,-13178
17.408508,735,91,-13253
17.424133,724,80,-13254
17.439758,774,57,-13156
17.455383,787,53,-13149
17.471008,824,-9,-13290
17.486633,840,-52,-13283
17.502258,846,3,-13111
17.517883,785,-40,-13229
17.533508,776,-120,-13269
17.549133,867,-83,-13063
17.564758,803,-133,-13238
17.580383,785,-168,-13336
17.596008,839,-79,-13120
17.611633,846,-111,-13169
17.627258,867,-113,-13236
17.642883,821,-59,-13206
17.658508,835,-100,-13204
17.674133,890,-109,-13179
17.689758,930,-193,-13278
17.705383,974,-234,-13201
17.721008,912,-184,-13106
17.736633,865,-288,-13322
17.752258,878,-250,-13131
17.767883,907,-159,-13022
17.783508,930,-274,-13431
17.799133,874,-186,-13217
17.814758,865,-93,-12997
17.830383,878,-208,-13344
17.846008,889,-159,-13185
17.861633,982,-154,-13065
17.877258,1001,-249,-13360
17.892883,1005,-218,-13217
17.908508,1042,-245,-13058
17.924133,982,-274,-13174
17.939758,971,-252,-13203
17.955383,973,-268,-13245
17.971008,907,-231,-13249
17.986633,926,-222,-13201
18.002258,882,-222,-13147
18.017883,846,-183,-13117
18.033508,989,-224,-13203
18.049133,978,-179,-13228
18.064758,939,-129,-13210
18.080383,1055,-231,-13233
18.096008,998,-233,-13126
18.111633,978,-229,-13122
18.127258,1048,-275,-13235
18.142883,892,-211,-13194
18.158508,869,-234,-13226
18.174133,949,-261,-13195
18.189758,824,-158,-13063
18.205383,905,-184,-13229
18.221008,980,-179,-13295
18.236633,815,-97,-13185
18.252258,903,-183,-13222
18.267883,964,-211,-13138
18.283508,826,-152,-13122
18.299133,908,-229,-13265
18.314758,937,-245,-13219
18.330383,821,-183,-13188
18.346008,874,-256,-13222
18.361633,878,-284,-13136
18.377258,721,-168,-13136
18.392883,732,-159,-13251
18.408508,830,-222,-13245
18.424133,735,-183,-13160
18.439758,690,-175,-13161
18.455383,810,-240,-13208
18.471008,764,-202,-13210
18.486633,673,-138,-13233
18.502258,798,-195,-13229
18.517883,815,-213,-13117
18.533508,637,-161,-13142
18.549133,669,-240,-13258
18.564758,721,-329,-13183
18.580383,557,-283,-13156
18.596008,549,-293,-13188
18.611633,655,-359,-13119
18.627258,594,-265,-13140
18.642883,501,-152,-13220
18.658508,583,-193,-13249
18.674133,680,-233,-13292
18.689758,571,-206,-13245
18.705383,510,-254,-13142
18.721008,587,-358,-13144
18.736633,524,-343,-13181
18.752258,401,-290,-13170
18.767883,432,-347,-13197
18.783508,514,-397,-13242
18.799133,441,-343,-13213
18.814758,319,-290,-13188
18.830383,376,-325,-13145
18.846008,433,-383,-13094
18.861633,385,-350,-13174
18.877258,371,-325,-13240
18.892883,448,-400,-13208
18.908508,501,-447,-13188
18.924133,366,-402,-13174
18.939758,226,-375,-13140
18.955383,253,-450,-13110
18.971008,291,-495,-13160
18.986633,232,-431,-13199
19.002258,178,-406,-13188
19.017883,264,-450,-13210
19.033508,337,-497,-13149
19.049133,266,-488,-13111
19.064758,162,-434,-13190
19.080383,180,-497,-13167
19.096008,246,-572,-13154
19.111633,208,-538,-13238
19.127258,144,-547,-13201
19.142883,116,-574,-13113
19.158508,137,-595,-13147
19.174133,158,-625,-13156
19.189758,116,-593,-13149
19.205383,108,-575,-13228
19.221008,141,-611,-13224
19.236633,126,-615,-13133
19.252258,137,-640,-13099
19.267883,121,-656,-13144
19.283508,19,-625,-13185
19.299133,12,-665,-13147
19.314758,94,-722,-13154
19.330383,96,-747,-13154
19.346008,48,-770,-13083
19.361633,44,-756,-13128
19.377258,66,-747,-13149
19.392883,62,-743,-13110
19.408508,62,-747,-13176
19.424133,69,-783,-13167
19.439758,1,-759,-13133
19.455383,-56,-745,-13158
19.471008,1,-820,-13110
19.486633,24,-870,-13120
19.502258,17,-884,-13136
19.517883,7,-863,-13101
19.533508,-59,-824,-13170
19.549133,-45,-866,-13167
19.564758,-4,-902,-13072
19.580383,7,-916,-13133
19.596008,42,-965,-13142
19.611633,-4,-924,-13070
19.627258,-97,-865,-13165
19.642883,-83,-900,-13178
19.658508,-49,-916,-13072
19.674133,-56,-927,-13122
19.689758,5,-999,-13142
19.705383,24,-1020,-13083
19.721008,-74,-984,-13119
19.736633,-65,-1020,-13149
19.752258,-42,-1038,-13124
19.767883,-117,-972,-13081
19.783508,-79,-993,-13113
19.799133,-6,-1065,-13163
19.814758,10,-1066,-13063
19.830383,-54,-1043,-13086
19.846008,-143,-1040,-13185
19.861633,-68,-1061,-13069
19.877258,-74,-1054,-13095
19.892883,-158,-1065,-13183
19.908508,-34,-1125,-13045
19.924133,21,-1147,-13090
19.939758,-27,-1141,-13169
19.955383,-45,-1120,-13081
19.971008,-161,-1074,-13122
19.986633,-134,-1097,-13133
20.002258,-47,-1118,-13092
20.017883,-183,-1061,-13104
20.033508,-149,-1095,-13063
20.049133,-29,-1177,-13151
20.064758,-81,-1188,-13147
20.080383,-17,-1211,-12997
20.096008,-2,-1220,-13128
20.111633,-102,-1165,-13144
20.127258,-83,-1147,-13017
20.142883,-84,-1199,-13158
20.158508,-86,-1215,-13126
20.174133,-102,-1161,-13013
20.189758,-200,-1154,-13113
20.205383,-122,-1211,-13111
20.221008,-58,-1231,-13104
20.236633,-88,-1227,-13095
20.252258,-20,-1243,-13070
20.267883,-49,-1241,-13147
20.283508,-108,-1213,-13056
20.299133,-118,-1211,-13081
20.314758,-154,-1234,-13219
20.330383,-72,-1240,-13013
20.346008,-49,-1247,-13042
20.361633,-167,-1240,-13228
20.377258,-140,-1213,-13003
20.392883,-127,-1236,-13049
20.408508,-167,-1282,-13222
20.424133,-24,-1282,-13004
20.439758,3,-1306,-13024
20.455383,-49,-1336,-13181
20.471008,5,-1316,-13095
20.486633,-58,-1297,-13054
20.502258,-93,-1288,-13076
20.517883,-111,-1279,-13120
20.533508,-167,-1257,-13060
20.549133,-100,-1243,-13013
20.564758,-129,-1284,-13219
20.580383,-100,-1311,-13115
20.596008,39,-1320,-12944
20.611633,-70,-1366,-13203
20.627258,-92,-1366,-13103
20.642883,10,-1327,-12938
20.658508,-108,-1325,-13208
20.674133,-122,-1290,-13079
20.689758,-86,-1245,-12958
20.705383,-220,-1266,-13228
20.721008,-202,-1252,-13095
20.736633,-156,-1229,-13003
20.752258,-193,-1272,-13183
20.767883,-84,-1282,-13063
20.783508,-45,-1307,-13040
20.799133,-59,-1370,-13138
20.814758,-9,-1361,-13085
20.830383,-77,-1343,-13088
20.846008,-108,-1334,-13036
20.861633,-133,-1282,-13101
20.877258,-229,-1249,-13179
20.892883,-167,-1232,-12992
20.908508,-143,-1268,-13117
20.924133,-184,-1316,-13211
20.939758,-65,-1291,-12926
20.955383,-70,-1306,-13085
20.971008,-106,-1347,-13240
20.986633,7,-1313,-12981
21.002258,-27,-1318,-13063
21.017883,-102,-1343,-13181
21.033508,-84,-1291,-13045
21.049133,-131,-1284,-13061
21.064758,-186,-1304,-13126
21.080383,-195,-1266,-13104
21.096008,-199,-1247,-13036
21.111633,-183,-1257,-13065
21.127258,-170,-1259,-13167
21.142883,-109,-1254,-13083
21.158508,-72,-1274,-13017
21.174133,-92,-1311,-13081
21.189758,-79,-1338,-13101
21.205383,-125,-1327,-13097
21.221008,-186,-1272,-13078
21.236633,-261,-1220,-13133
21.252258,-342,-1199,-13142
21.267883,-306,-1190,-13013
21.283508,-275,-1222,-13104
21.299133,-258,-1249,-13183
21.314758,-170,-1234,-13015
21.330383,-158,-1257,-13097
21.346008,-168,-1277,-13195
21.361633,-111,-1243,-13011
21.377258,-170,-1249,-13085
21.392883,-270,-1266,-13190
21.408508,-249,-1231,-12992
21.424133,-288,-1218,-13058
21.439758,-388,-1209,-13204
21.455383,-350,-1150,-13035
21.471008,-318,-1141,-13054
21.486633,-365,-1170,-13204
21.502258,-284,-1184,-13076
21.517883,-200,-1224,-13026
21.533508,-227,-1259,-13149
21.549133,-225,-1257,-13110
21.564758,-215,-1234,-13026
21.580383,-242,-1220,-13119
21.596008,-313,-1209,-13190
21.611633,-345,-1170,-13038
21.627258,-324,-1156,-13036
21.642883,-386,-1190,-13215
21.658508,-352,-1193,-13060
21.674133,-254,-1193,-12994
21.689758,-315,-1216,-13222
21.705383,-252,-1229,-13069
21.721008,-150,-1243,-12985
21.736633,-250,-1252,-13226
21.752258,-220,-1241,-13072
21.767883,-181,-1238,-12981
21.783508,-302,-1247,-13197
21.799133,-300,-1222,-13097
21.814758,-284,-1191,-13028
21.830383,-329,-1195,-13156
21.846008,-283,-1211,-13117
21.861633,-265,-1222,-13060
21.877258,-227,-1240,-13074
21.892883,-175,-1288,-13138
21.908508,-184,-1297,-13099
21.924133,-142,-1274,-13001
21.939758,-181,-1281,-13147
21.955383,-195,-1279,-13115
21.971008,-108,-1284,-13004
21.986633,-222,-1288,-13206
22.002258,-252,-1243,-13092
22.017883,-154,-1231,-12969
22.033508,-252,-1249,-13211
22.049133,-209,-1231,-13078
22.064758,-134,-1250,-13017
22.080383,-204,-1304,-13186
22.096008,-109,-1299,-13017
22.111633,-97,-1307,-13076
22.127258,-159,-1332,-13186
22.142883,-84,-1302,-13010
22.158508,-143,-1290,-13099
22.174133,-181,-1263,-13120
22.189758,-143,-1227,-13033
22.205383,-222,-1263,-13156
22.221008,-192,-1270,-13085
22.236633,-163,-1282,-13060
22.252258,-211,-1318,-13124
22.267883,-140,-1268,-13024
22.283508,-161,-1249,-13117
22.299133,-156,-1277,-13120
22.314758,-77,-1279,-13040
22.330383,-172,-1290,-13144
22.346008,-156,-1270,-13054
22.361633,-138,-1256,-13092
22.377258,-238,-1268,-13169
22.392883,-172,-1266,-12994
22.408508,-215,-1282,-13126
22.424133,-281,-1256,-13145
22.439758,-152,-1245,-12972
22.455383,-199,-1282,-13194
22.471008,-222,-1263,-13136
22.486633,-118,-1241,-12951
22.502258,-200,-1265,-13188
22.517883,-192,-1252,-13128
22.533508,-138,-1234,-13004
22.549133,-249,-1247,-13167
22.564758,-254,-1234,-13079
22.580383,-247,-1241,-13045
22.596008,-300,-1259,-13158
22.611633,-263,-1238,-13095
22.627258,-267,-1229,-13099
22.642883,-268,-1229,-13110
22.658508,-225,-1238,-13065
22.674133,-243,-1238,-13103
22.689758,-218,-1209,-13083
22.705383,-204,-1222,-13094
22.721008,-258,-1240,-13120
22.736633,-254,-1216,-13058
22.752258,-265,-1220,-13099
22.767883,-304,-1232,-13128
22.783508,-292,-1218,-13092
22.799133,-292,-1229,-13108
22.814758,-277,-1232,-13065
22.830383,-240,-1225,-13088
22.846008,-242,-1238,-13138
22.861633,-231,-1218,-13060
22.877258,-234,-1202,-13101
22.892883,-250,-1215,-13131
22.908508,-225,-1232,-13038
22.924133,-252,-1256,-13122
22.939758,-283,-1249,-13151
22.955383,-233,-1243,-13028
22.971008,-259,-1257,-13104
22.986633,-299,-1232,-13136
23.002258,-217,-1208,-13038
23.017883,-218,-1229,-13117
23.033508,-247,-1224,-13122
23.049133,-181,-1222,-13054
23.064758,-195,-1256,-13115
23.080383,-204,-1272,-13088
23.096008,-170,-1279,-13085
23.111633,-199,-1268,-13110
23.127258,-200,-1250,-13067
23.142883,-229,-1265,-13106
23.158508,-231,-1261,-13086
23.174133,-170,-1236,-13076
23.189758,-204,-1241,-13138
23.205383,-186,-1263,-13051
23.221008,-149,-1275,-13085
23.236633,-215,-1268,-13153
23.252258,-172,-1261,-13019
23.267883,-163,-1293,-13099
23.283508,-197,-1306,-13136
23.299133,-127,-1284,-13015
23.314758,-188,-1279,-13119
23.330383,-192,-1266,-13103
23.346008,-136,-1265,-13069
23.361633,-209,-1277,-13154
23.377258,-138,-1274,-13051
23.392883,-113,-1290,-13119
23.408508,-188,-1288,-13153
23.424133,-109,-1265,-12978
23.439758,-163,-1282,-13149
23.455383,-238,-1288,-13165
23.471008,-136,-1268,-12947
23.486633,-200,-1277,-13149
23.502258,-233,-1263,-13165
23.517883,-140,-1247,-12995
23.533508,-206,-1259,-13142
23.549133,-206,-1250,-13115
23.564758,-147,-1257,-13047
23.580383,-199,-1272,-13129
23.596008,-177,-1272,-13085
23.611633,-192,-1268,-13103
23.627258,-220,-1252,-13065
23.642883,-175,-1257,-13056
23.658508,-249,-1270,-13186
23.674133,-217,-1249,-13031
23.689758,-186,-1250,-13036
23.705383,-300,-1263,-13226
23.721008,-206,-1231,-13015
23.736633,-167,-1227,-13033
23.752258,-279,-1232,-13222
23.767883,-222,-1200,-13026
23.783508,-206,-1216,-13060
23.799133,-275,-1243,-13183
23.814758,-233,-1216,-13011
23.830383,-240,-1227,-13104
23.846008,-275,-1243,-13174
23.861633,-222,-1224,-13003
23.877258,-250,-1257,-13111
23.892883,-277,-1274,-13165
23.908508,-211,-1236,-13026
23.924133,-224,-1209,-13094
23.939758,-249,-1175,-13136
23.955383,-231,-1181,-13111
23.971008,-240,-1211,-13131
23.986633,-245,-1208,-13078
24.002258,-259,-1225,-13097
24.017883,-268,-1254,-13113
24.033508,-250,-1254,-13079
24.049133,-263,-1261,-13113
24.064758,-247,-1272,-13090
24.080383,-224,-1272,-13086
24.096008,-233,-1261,-13099
24.111633,-220,-1247,-13079
24.127258,-263,-1250,-13147
24.142883,-281,-1240,-13086
24.158508,-233,-1218,-13038
24.174133,-270,-1215,-13160
24.189758,-254,-1208,-13070
24.205383,-172,-1243,-13058
24.221008,-213,-1297,-13220
24.236633,-197,-1261,-13058
24.252258,-158,-1243,-13013
24.267883,-231,-1274,-13228
24.283508,-195,-1243,-13070
24.299133,-149,-1234,-12978
24.314758,-256,-1275,-13197
24.330383,-263,-1277,-13106
24.346008,-202,-1247,-12979
24.361633,-254,-1231,-13176
24.377258,-268,-1218,-13185
24.392883,-179,-1199,-13004
24.408508,-127,-1236,-13078
24.424133,-134,-1299,-13219
24.439758,-95,-1316,-13060
24.455383,-65,-1340,-12963
24.471008,-183,-1357,-13213
24.486633,-256,-1293,-13120
24.502258,-188,-1234,-12908
24.517883,-290,-1263,-13217
24.533508,-311,-1261,-13147
24.549133,-142,-1231,-12904
24.564758,-236,-1263,-13240
24.580383,-229,-1249,-13144
24.596008,-63,-1213,-12901
24.611633,-167,-1263,-13211
24.627258,-150,-1284,-13138
24.642883,-40,-1250,-12936
24.658508,-127,-1257,-13151
24.674133,-133,-1275,-13138
24.689758,-170,-1272,-13029
24.705383,-277,-1288,-13103
24.721008,-265,-1313,-13108
24.736633,-309,-1272,-13053
24.752258,-315,-1204,-13026
24.767883,-242,-1209,-13165
24.783508,-243,-1241,-13185
24.799133,-143,-1236,-12972
24.814758,-92,-1263,-13124
24.830383,-168,-1284,-13203
24.846008,-97,-1236,-12865
24.861633,-154,-1270,-13190
24.877258,-354,-1297,-13431
24.892883,-215,-1184,-12726
24.908508,-181,-1218,-12928
24.924133,-397,-1307,-13536
24.939758,-209,-1216,-12922
24.955383,-111,-1202,-12872
24.971008,-320,-1272,-13465
24.986633,-222,-1215,-13017
25.002258,-147,-1193,-12810
25.017883,-311,-1290,-13361
25.033508,-283,-1304,-13190
25.049133,-163,-1266,-12822
25.064758,-224,-1295,-13185
25.080383,-274,-1270,-13299
25.096008,-190,-1165,-12888
25.111633,-222,-1152,-13074
25.127258,-370,-1220,-13370
25.142883,-250,-1222,-12894
25.158508,-161,-1254,-12933
25.174133,-324,-1325,-13395
25.189758,-195,-1286,-12985
25.205383,-100,-1270,-12935
25.221008,-300,-1284,-13349
25.236633,-213,-1211,-12995
25.252258,-150,-1191,-12961
25.267883,-317,-1231,-13317
25.283508,-254,-1220,-13061
25.299133,-208,-1231,-12979
25.314758,-283,-1256,-13185
25.330383,-242,-1245,-13115
25.346008,-204,-1265,-13038
25.361633,-208,-1286,-13104
25.377258,-224,-1281,-13145
25.392883,-208,-1279,-13026
25.408508,-174,-1259,-13045
25.424133,-242,-1247,-13204
25.439758,-217,-1216,-13040
25.455383,-158,-1209,-13040
25.471008,-252,-1232,-13219
25.486633,-197,-1220,-13011
25.502258,-143,-1261,-13088
25.517883,-215,-1309,-13238
25.533508,-109,-1272,-12951
25.549133,-140,-1268,-13079
25.564758,-258,-1263,-13201
25.580383,-129,-1232,-12969
25.596008,-168,-1252,-13192
25.611633,-252,-1240,-13201
25.627258,-134,-1225,-12913
25.642883,-209,-1247,-13144
25.658508,-252,-1250,-13186
25.674133,-161,-1286,-12967
25.689758,-243,-1343,-13097
25.705383,-268,-1372,-13119
25.721008,-220,-1345,-13013
25.736633,-252,-1252,-13090
25.752258,-202,-1177,-13129
25.767883,-159,-1154,-13108
25.783508,-136,-1159,-13081
25.799133,-115,-1199,-13113
25.814758,-165,-1247,-13136
25.830383,-163,-1293,-13035
25.846008,-231,-1349,-13120
25.861633,-350,-1366,-13158
25.877258,-299,-1338,-12938
25.892883,-288,-1325,-13061
25.908508,-309,-1297,-13217
25.924133,-170,-1213,-13033
25.939758,-167,-1152,-13085
25.955383,-218,-1145,-13185
25.971008,-136,-1159,-13031
25.986633,-150,-1213,-13022
26.002258,-202,-1297,-13145
26.017883,-184,-1361,-13145
26.033508,-150,-1393,-13024
26.049133,-122,-1400,-13036
26.064758,-149,-1356,-13188
26.080383,-102,-1247,-13097
26.096008,-47,-1147,-13065
26.111633,-172,-1099,-13235
26.127258,-225,-1054,-13074
26.142883,-254,-1061,-13010
26.158508,-429,-1166,-13231
26.174133,-450,-1240,-13069
26.189758,-406,-1293,-12954
26.205383,-431,-1391,-13126
26.221008,-284,-1413,-13070
26.236633,-129,-1352,-13035
26.252258,-79,-1286,-13153
26.267883,-29,-1215,-13149
26.283508,-58,-1156,-13083
26.299133,-111,-1118,-13076
26.314758,-218,-1125,-13174
26.330383,-327,-1170,-13104
26.346008,-306,-1209,-12979
26.361633,-388,-1274,-13176
26.377258,-427,-1313,-13099
26.392883,-261,-1307,-12910
26.408508,-261,-1334,-13194
26.424133,-220,-1313,-13133
26.439758,-36,-1241,-12935
26.455383,-97,-1222,-13224
26.471008,-134,-1191,-13158
26.486633,-122,-1165,-12969
26.502258,-286,-1209,-13179
26.517883,-343,-1240,-13110
26.533508,-317,-1265,-12976
26.549133,-349,-1297,-13131
26.564758,-288,-1288,-13120
26.580383,-208,-1300,-13049
26.596008,-161,-1300,-13088
26.611633,-109,-1263,-13110
26.627258,-118,-1249,-13104
26.642883,-117,-1241,-13040
26.658508,-136,-1250,-13128
26.674133,-220,-1240,-13153
26.689758,-217,-1213,-12986
26.705383,-279,-1259,-13144
26.721008,-345,-1265,-13169
26.736633,-252,-1218,-12970
26.752258,-263,-1275,-13161
26.767883,-224,-1304,-13136
26.783508,-65,-1263,-12970
26.799133,-95,-1272,-13176
26.814758,-109,-1252,-13149
26.830383,-99,-1227,-13051
26.846008,-183,-1234,-13122
26.861633,-188,-1238,-13069
26.877258,-234,-1238,-13101
26.892883,-268,-1238,-13095
26.908508,-229,-1270,-13078
26.924133,-275,-1290,-13160
26.939758,-245,-1250,-13031
26.955383,-188,-1261,-13036
26.971008,-227,-1288,-13151
26.986633,-152,-1274,-13031
27.002258,-109,-1282,-13088
27.017883,-163,-1265,-13138
27.033508,-147,-1231,-13024
27.049133,-245,-1225,-13108
27.064758,-324,-1202,-13101
27.080383,-270,-1213,-13040
27.096008,-284,-1263,-13129
27.111633,-263,-1265,-13061
27.127258,-202,-1265,-13065
27.142883,-208,-1281,-13165
27.158508,-177,-1279,-13044
27.174133,-174,-1282,-13060
27.189758,-218,-1270,-13122
27.205383,-174,-1240,-13029
27.221008,-184,-1247,-13120
27.236633,-243,-1241,-13154
27.252258,-217,-1220,-13070
27.267883,-249,-1225,-13103
27.283508,-281,-1224,-13065
27.299133,-258,-1231,-13090
27.314758,-281,-1245,-13135
27.330383,-222,-1261,-13033
27.346008,-181,-1299,-13111
27.361633,-231,-1282,-13136
27.377258,-168,-1238,-12988
27.392883,-181,-1249,-13128
27.408508,-258,-1241,-13163
27.424133,-204,-1197,-12972
27.439758,-240,-1200,-13103
27.455383,-268,-1231,-13183
27.471008,-199,-1240,-13049
27.486633,-240,-1238,-13099
27.502258,-265,-1265,-13133
27.517883,-222,-1279,-13047
27.533508,-200,-1261,-13020
27.549133,-190,-1257,-13119
27.564758,-217,-1259,-13181
27.580383,-170,-1245,-13015
27.596008,-150,-1256,-13061
27.611633,-265,-1250,-13233
27.627258,-222,-1206,-12988
27.642883,-184,-1211,-13011
27.658508,-313,-1247,-13288
27.674133,-227,-1240,-13013
27.689758,-156,-1272,-12978
27.705383,-272,-1311,-13263
27.721008,-193,-1282,-13051
27.736633,-127,-1288,-13003
27.752258,-213,-1293,-13192
27.767883,-188,-1249,-13058
27.783508,-174,-1238,-13044
27.799133,-202,-1243,-13156
27.814758,-206,-1241,-13117
27.830383,-242,-1243,-13065
27.846008,-218,-1252,-13051
27.861633,-213,-1261,-13135
27.877258,-242,-1252,-13120
27.892883,-175,-1266,-13036
27.908508,-174,-1286,-13154
27.924133,-215,-1257,-13106
27.939758,-156,-1250,-12985
27.955383,-174,-1279,-13160
27.971008,-217,-1249,-13156
27.986633,-179,-1208,-13024
28.002258,-215,-1224,-13111
28.017883,-218,-1245,-13113
28.033508,-193,-1256,-13081
28.049133,-233,-1257,-13094
28.064758,-224,-1265,-13076
28.080383,-234,-1297,-13126
28.096008,-200,-1286,-13036
28.111633,-143,-1261,-13036
28.127258,-234,-1257,-13231
28.142883,-204,-1224,-13033
28.158508,-140,-1215,-12988
28.174133,-272,-1231,-13254
28.189758,-211,-1199,-13033
28.205383,-150,-1211,-12997
28.221008,-268,-1266,-13245
28.236633,-197,-1259,-13036
28.252258,-188,-1274,-13010
28.267883,-284,-1306,-13179
28.283508,-213,-1284,-13065
28.299133,-217,-1257,-13067
28.314758,-234,-1241,-13101
28.330383,-170,-1231,-13085
28.346008,-208,-1224,-13135
28.361633,-211,-1199,-13072
28.377258,-224,-1211,-13144
28.392883,-281,-1245,-13144
28.408508,-204,-1240,-12947
28.424133,-229,-1261,-13129
28.439758,-279,-1281,-13192
28.455383,-159,-1265,-12961
28.471008,-231,-1274,-13156
28.486633,-281,-1245,-13165
28.502258,-150,-1191,-12978
28.517883,-240,-1202,-13195
28.533508,-224,-1152,-13151
28.549133,-109,-1125,-12992
28.564758,-242,-1299,-13079
28.580383,-263,-1454,-13144
28.596008,-311,-1424,-13142
28.611633,-308,-1282,-12862
28.627258,-206,-1222,-13056
28.642883,-320,-1211,-13419
28.658508,-104,-1124,-12870
28.674133,24,-1172,-13003
28.689758,-233,-1245,-13438
28.705383,-75,-1186,-12828
28.721008,-120,-1232,-13035
28.736633,-433,-1302,-13447
28.752258,-252,-1281,-12815
28.767883,-245,-1350,-12933
28.783508,-361,-1393,-13338
28.799133,-170,-1295,-13011
28.814758,-159,-1222,-13028
28.830383,-208,-1211,-13245
28.846008,-154,-1150,-13099
28.861633,-150,-1090,-12961
28.877258,-134,-1172,-13170
28.892883,-192,-1293,-13333
28.908508,-174,-1322,-12947
28.924133,-158,-1374,-12947
28.939758,-370,-1404,-13310
28.955383,-308,-1313,-12931
28.971008,-184,-1263,-12960
28.986633,-334,-1250,-13420
29.002258,-158,-1165,-12974
29.017883,-18,-1149,-12901
29.033508,-190,-1213,-13386
29.049133,-131,-1193,-13088
29.064758,-124,-1213,-12929
29.080383,-272,-1309,-13224
29.096008,-238,-1329,-13072
29.111633,-220,-1332,-12960
29.127258,-268,-1359,-13174
29.142883,-245,-1332,-13186
29.158508,-222,-1257,-12999
29.174133,-195,-1197,-13028
29.189758,-208,-1168,-13236
29.205383,-179,-1136,-13117
29.221008,-92,-1166,-13035
29.236633,-190,-1256,-13247
29.252258,-218,-1297,-13044
29.267883,-152,-1332,-12897
29.283508,-277,-1377,-13204
29.299133,-300,-1340,-13106
29.314758,-218,-1268,-12960
29.330383,-274,-1238,-13195
29.346008,-202,-1206,-13119
29.361633,-131,-1170,-13056
29.377258,-227,-1183,-13211
29.392883,-168,-1213,-13079
29.408508,-170,-1249,-13058
29.424133,-250,-1281,-13094
29.439758,-183,-1309,-13033
29.455383,-242,-1336,-13165
29.471008,-259,-1324,-13101
29.486633,-217,-1313,-13047
29.502258,-295,-1279,-13120
29.517883,-213,-1188,-13003
29.533508,-195,-1152,-13172
29.549133,-265,-1145,-13242
29.564758,-125,-1141,-12958
29.580383,-167,-1224,-13151
29.596008,-290,-1291,-13215
29.611633,-184,-1299,-12915
29.627258,-238,-1352,-13124
29.642883,-290,-1361,-13170
29.658508,-181,-1291,-12942
29.674133,-234,-1257,-13120
29.689758,-227,-1213,-13163
29.705383,-177,-1165,-13094
29.721008,-225,-1170,-13136
29.736633,-208,-1191,-13063
29.752258,-236,-1211,-13095
29.767883,-234,-1247,-13106
29.783508,-188,-1288,-13097
29.799133,-250,-1311,-13169
29.814758,-243,-1311,-13047
29.830383,-211,-1316,-13040
29.846008,-240,-1297,-13136
29.861633,-179,-1218,-13054
29.877258,-181,-1193,-13147
29.892883,-243,-1174,-13183
29.908508,-190,-1138,-13042
29.924133,-202,-1202,-13149
29.939758,-268,-1249,-13136
29.955383,-200,-1279,-13008
29.971008,-211,-1349,-13138
29.986633,-213,-1345,-13092
30.002258,-125,-1316,-12994
30.017883,-199,-1279,-13149
30.033508,-218,-1220,-13126
30.049133,-159,-1202,-13035
30.064758,-204,-1208,-13099
30.080383,-211,-1209,-13120
30.096008,-174,-1220,-13101
30.111633,-179,-1245,-13110
30.127258,-225,-1279,-13140
30.142883,-254,-1299,-13085
30.158508,-218,-1315,-12995
30.174133,-211,-1324,-13104
30.189758,-227,-1302,-13154
30.205383,-131,-1277,-13040
30.221008,-125,-1261,-13142
30.236633,-217,-1213,-13140
30.252258,-161,-1188,-12978
30.267883,-197,-1218,-13178
30.283508,-277,-1229,-13178
30.299133,-181,-1234,-12938
30.314758,-220,-1297,-13144
30.330383,-254,-1329,-13176
30.346008,-152,-1286,-12976
30.361633,-236,-1274,-13181
30.377258,-267,-1268,-13172
30.392883,-156,-1227,-12949
30.408508,-208,-1231,-13136
30.424133,-215,-1231,-13194
30.439758,-134,-1197,-13036
30.455383,-183,-1225,-13131
30.471008,-220,-1263,-13147
30.486633,-234,-1263,-13024
30.502258,-249,-1265,-13053
30.517883,-229,-1272,-13165
30.533508,-242,-1282,-13128
30.549133,-183,-1270,-12997
30.564758,-186,-1241,-13120
30.580383,-234,-1225,-13179
30.596008,-152,-1209,-13013
30.611633,-204,-1232,-13131
30.627258,-277,-1231,-13158
30.642883,-188,-1224,-12981
30.658508,-234,-1286,-13128
30.674133,-284,-1290,-13144
30.689758,-218,-1256,-13026
30.705383,-265,-1279,-13119
30.721008,-250,-1265,-13065
30.736633,-199,-1236,-13061
30.752258,-250,-1215,-13153
30.767883,-208,-1204,-13061
30.783508,-220,-1241,-13106
30.799133,-261,-1263,-13104
30.814758,-208,-1250,-13010
30.830383,-249,-1274,-13151
30.846008,-208,-1299,-13151
30.861633,-147,-1266,-13070
30.877258,-195,-1256,-13126
30.892883,-161,-1261,-13081
30.908508,-183,-1252,-13097
30.924133,-249,-1252,-13129
30.939758,-247,-1229,-13085
30.955383,-306,-1222,-13142
30.971008,-304,-1225,-13072
30.986633,-229,-1216,-13036
31.002258,-245,-1240,-13197
31.017883,-170,-1243,-13074
31.033508,-54,-1252,-12979
31.049133,-77,-1297,-13138
31.064758,-50,-1286,-13085
31.080383,-54,-1282,-13085
31.096008,-168,-1293,-13167
31.111633,-195,-1257,-13047
31.127258,-249,-1215,-13047
31.142883,-293,-1154,-13086
31.158508,-222,-1124,-13111
31.174133,-206,-1175,-13206
31.189758,-150,-1234,-13072
31.205383,-113,-1299,-13051
31.221008,-224,-1357,-13179
31.236633,-268,-1349,-13020
31.252258,-333,-1331,-13065
31.267883,-458,-1316,-13174
31.283508,-370,-1270,-12936
31.299133,-265,-1227,-13036
31.314758,-250,-1190,-13226
31.330383,-56,-1168,-13076
31.346008,26,-1174,-13144
31.361633,-68,-1197,-13161
31.377258,-52,-1254,-12965
31.392883,-156,-1302,-13061
31.408508,-313,-1315,-13183
31.424133,-356,-1325,-13086
31.439758,-404,-1332,-13011
31.455383,-388,-1325,-13058
31.471008,-350,-1295,-13138
31.486633,-290,-1229,-13076
31.502258,-174,-1183,-13106
31.517883,-124,-1168,-13215
31.533508,-49,-1140,-13024
31.549133,7,-1170,-13013
31.564758,-45,-1247,-13231
31.580383,-42,-1286,-13103
31.596008,-54,-1334,-12999
31.611633,-192,-1374,-13108
31.627258,-308,-1320,-13053
31.642883,-340,-1220,-13013
31.658508,-372,-1166,-13163
31.674133,-375,-1143,-13169
31.689758,-304,-1152,-13029
31.705383,-227,-1218,-13047
31.721008,-167,-1277,-13144
31.736633,-136,-1297,-13110
31.752258,-133,-1306,-13040
31.767883,-138,-1311,-13097
31.783508,-183,-1309,-13101
31.799133,-183,-1275,-12988
31.814758,-186,-1243,-13117
31.830383,-270,-1259,-13249
31.846008,-277,-1247,-13040
31.861633,-297,-1229,-13026
31.877258,-383,-1232,-13172
31.892883,-377,-1204,-13145
31.908508,-334,-1179,-12979
31.924133,-204,-1211,-12951
31.939758,-313,-1286,-13515
31.955383,-300,-1250,-13095
31.971008,203,-1270,-12595
31.986633,-149,-1424,-13783
32.002258,-315,-1288,-13170
32.017883,176,-1140,-12185
32.033508,-370,-1313,-13751
32.049133,-565,-1252,-13388
32.064758,-22,-1102,-12126
32.080383,-417,-1316,-13615
32.096008,-531,-1329,-13574
32.111633,69,-1147,-12224
32.127258,-217,-1268,-13354
32.142883,-333,-1311,-13654
32.158508,80,-1166,-12526
32.174133,-93,-1257,-13072
32.189880,-270,-1366,-13585
32.205505,-134,-1261,-12751
32.221130,-95,-1241,-12763
32.236755,-384,-1300,-13644
32.252380,-434,-1174,-13074
32.268005,-159,-1113,-12545
32.283630,-395,-1274,-13574
32.299255,-392,-1254,-13240
32.314880,58,-1168,-12420
32.330505,-184,-1347,-13538
32.346130,-274,-1370,-13449
32.361755,171,-1224,-12383
32.377380,-149,-1300,-13328
32.393005,-393,-1288,-13501
32.408630,-63,-1156,-12537
32.424255,-290,-1220,-13156
32.439880,-454,-1282,-13465
32.455505,-195,-1232,-12756
32.471130,-252,-1257,-13006
32.486755,-368,-1304,-13433
32.502380,-208,-1243,-12976
32.518005,-99,-1215,-12826
32.533630,-167,-1286,-13338
32.549255,-152,-1275,-13185
32.564880,-6,-1231,-12772
32.580505,-122,-1302,-13285
32.596130,-315,-1291,-13310
32.611755,-177,-1179,-12658
32.627380,-324,-1216,-13178
32.643005,-513,-1247,-13447
32.658630,-233,-1181,-12758
32.674255,-240,-1232,-13069
32.689880,-317,-1295,-13361
32.705505,-52,-1254,-12867
32.721130,-49,-1259,-13044
32.736755,-154,-1279,-13322
32.752380,-88,-1256,-13006
32.768005,-145,-1257,-12961
32.783630,-265,-1263,-13204
32.799255,-318,-1236,-13135
32.814880,-313,-1208,-12961
32.830505,-342,-1238,-13163
32.846130,-374,-1245,-13211
32.861755,-233,-1190,-12920
32.877380,-190,-1231,-13131
32.893005,-224,-1282,-13283
32.908630,-59,-1257,-12945
32.924255,-75,-1290,-13076
32.939880,-192,-1313,-13211
32.955505,-109,-1277,-12963
32.971130,-195,-1259,-13111
32.986755,-352,-1236,-13229
33.002380,-304,-1204,-13013
33.018005,-317,-1208,-13053
33.033630,-329,-1236,-13129
33.049255,-247,-1236,-13079
33.064880,-217,-1236,-13104
33.080505,-165,-1263,-13097
33.096130,-106,-1299,-13115
33.111755,-120,-1309,-13103
33.127380,-152,-1279,-13060
33.143005,-197,-1261,-13140
33.158630,-227,-1256,-13110
33.174255,-224,-1240,-13024
33.189758,-272,-1241,-13104
33.205383,-270,-1234,-13131
33.221008,-240,-1208,-13101
33.236633,-268,-1206,-13106
33.252258,-231,-1234,-13085
33.267883,-197,-1254,-13090
33.283508,-177,-1265,-13078
33.299133,-125,-1282,-13081
33.314758,-154,-1295,-13153
33.330383,-172,-1284,-13072
33.346008,-142,-1256,-13024
33.361633,-227,-1252,-13183
33.377258,-270,-1227,-13094
33.392883,-247,-1204,-13013
33.408508,-313,-1257,-13195
33.424133,-270,-1277,-13067
33.439758,-200,-1263,-12992
33.455383,-236,-1275,-13206
33.471008,-168,-1257,-13113
33.486633,-129,-1249,-13040
33.502258,-179,-1272,-13126
33.517883,-124,-1266,-13040
33.533508,-165,-1277,-13144
33.549133,-252,-1274,-13108
33.564758,-175,-1247,-12865
33.580383,-252,-1266,-13149
33.596008,-356,-1220,-13310
33.611633,-334,-1149,-13094
33.627258,-393,-1218,-13017
33.642883,-263,-1295,-12888
33.658508,-22,-1282,-13013
33.674133,17,-1281,-13361
33.689758,-24,-1282,-13288
33.705383,-115,-1282,-12999
33.721008,-208,-1265,-12906
33.736633,-245,-1211,-13038
33.752258,-295,-1197,-13172
33.767883,-274,-1206,-13140
33.783508,-334,-1216,-13194
33.799133,-436,-1222,-13081
33.814758,-322,-1215,-12888
33.830383,-320,-1245,-13194
33.846008,-315,-1218,-13267
33.861633,-149,-1158,-13111
33.877258,-240,-1195,-13281
33.892883,-290,-1227,-13128
33.908508,-188,-1220,-12960
33.924133,-261,-1220,-13163
33.939758,-297,-1215,-13126
33.955383,-258,-1270,-12992
33.971008,-293,-1334,-12999
33.986633,-267,-1347,-12979
34.002258,-206,-1350,-13006
34.017883,-211,-1306,-13083
34.033508,-277,-1225,-13186
34.049133,-272,-1220,-13149
34.064758,-213,-1216,-13060
34.080383,-350,-1179,-13176
34.096008,-440,-1199,-13120
34.111633,-345,-1208,-13020
34.127258,-322,-1245,-13129
34.142883,-336,-1259,-13108
34.158508,-292,-1284,-12979
34.174133,-261,-1284,-13094
34.189758,-518,-941,-13558
34.205383,-452,-1009,-13406
34.221008,141,-1470,-12781
34.236633,42,-1359,-12956
34.252258,-358,-1175,-13222
34.267883,-350,-1208,-13058
34.283508,-367,-1200,-13045
34.299133,-334,-1249,-13119
34.314758,-209,-1304,-13128
34.330383,-195,-1288,-13176
34.346008,-300,-1293,-13195
34.361633,-377,-1315,-13035
34.377258,-293,-1299,-12869
34.392883,-229,-1315,-12986
34.408508,-250,-1331,-13165
34.424133,-156,-1275,-13070
34.439758,-199,-1265,-13099
34.455383,-350,-1311,-13197
34.471008,-249,-1297,-13092
34.486633,-217,-1282,-13119
34.502258,-350,-1304,-13151
34.517883,-372,-1284,-13078
34.533508,-356,-1272,-13072
34.549133,-358,-1288,-13081
34.564758,-367,-1295,-13099
34.580383,-304,-1313,-13103
34.596008,-208,-1336,-13135
34.611633,-154,-1340,-13090
34.627258,-124,-1331,-13058
34.642883,-272,-1338,-13181
34.658508,-352,-1357,-13111
34.674133,-259,-1365,-12938
34.689758,-311,-1390,-12820
34.705383,-379,-1416,-12833
34.721008,-261,-1388,-13081
34.736633,-249,-1331,-13265
34.752258,-413,-1313,-13160
34.767883,-329,-1327,-13011
34.783508,-220,-1313,-13115
34.799133,-274,-1302,-13131
34.814758,-236,-1325,-13047
34.830383,-320,-1304,-13156
34.846008,-445,-1254,-13194
34.861633,-436,-1284,-13081
34.877258,-390,-1345,-12979
34.892883,-258,-1350,-13076
34.908508,-249,-1332,-13242
34.924133,-372,-1293,-13144
34.939758,-367,-1245,-13097
34.955383,-442,-1327,-13183
34.971008,-333,-1288,-13097
34.986633,-388,-1372,-12926
35.002258,-959,-1811,-12835
35.017883,-627,-1699,-12881
35.033508,-106,-1356,-13045
35.049133,-381,-1393,-13249
35.064758,-475,-1490,-13133
35.080383,-331,-1522,-12935
35.096008,-268,-1441,-13054
35.111633,-336,-1416,-13067
35.127258,-367,-1466,-12924
35.142883,-247,-1466,-12951
35.158508,-229,-1466,-13161
35.174133,-331,-1541,-13120
35.189728,-261,-1541,-12978
35.205353,-234,-1470,-13128
35.220978,-318,-1506,-13106
35.236603,-175,-1541,-12988
35.252228,-143,-1518,-13135
35.267853,-281,-1504,-13161
35.283478,-208,-1502,-13045
35.299103,-224,-1504,-13054
35.314728,-325,-1506,-13010
35.330353,-242,-1500,-12947
35.345978,-250,-1486,-12995
35.361603,-338,-1457,-13026
35.377228,-358,-1416,-13108
35.392853,-400,-1416,-13179
35.408478,-367,-1441,-13165
35.424103,-347,-1447,-13178
; 35 stopping logging: shutdown: switched off
