0.009,0.001,-0.004,1.004
0.009,0.001,-0.001,1.002
0.010,0.003,-0.001,0.997
0.010,0.004,-0.001,0.999
0.010,0.007,0.001,0.998
0.012,0.007,0.000,1.000
0.014,0.009,0.001,0.999
0.016,0.009,-0.001,1.001
0.019,0.008,-0.004,1.000
0.022,0.006,-0.006,1.000
0.023,0.004,-0.009,1.000
0.026,0.001,-0.013,0.999
0.028,-0.000,-0.014,0.999
0.031,-0.002,-0.017,1.002
0.033,-0.003,-0.018,1.002
0.036,-0.003,-0.019,1.005
0.038,-0.005,-0.021,1.005
0.040,-0.005,-0.020,1.003
0.043,-0.006,-0.018,1.003
0.045,-0.005,-0.018,1.002
0.048,-0.005,-0.014,1.000
0.050,-0.004,-0.011,1.001
0.052,-0.003,-0.009,1.001
0.055,-0.000,-0.005,1.003
0.057,0.003,-0.002,1.003
0.060,0.004,-0.000,1.001
0.062,0.004,-0.000,1.000
0.064,0.005,-0.000,0.999
0.067,0.007,0.000,0.998
0.069,0.008,0.001,1.000
0.072,0.009,-0.002,0.999
0.074,0.010,-0.003,0.999
0.079,0.008,-0.004,0.999
0.079,0.007,-0.007,1.001
0.082,0.005,-0.009,0.999
0.084,0.004,-0.010,1.000
0.086,-0.000,-0.012,1.000
0.089,-0.001,-0.018,1.001
0.091,-0.002,-0.018,1.003
0.093,-0.002,-0.017,1.003
0.096,-0.005,-0.020,1.003
0.098,-0.007,-0.020,1.004
0.101,-0.006,-0.020,1.004
0.103,-0.006,-0.017,1.004
0.105,-0.006,-0.015,1.000
0.108,-0.005,-0.013,1.001
0.111,-0.003,-0.009,1.000
0.113,0.001,-0.008,1.004
0.115,0.002,-0.004,1.002
0.117,0.003,-0.002,1.002
0.120,0.006,-0.002,1.000
0.122,0.006,0.001,1.000
0.125,0.006,0.002,0.999
0.128,0.008,-0.001,0.999
0.129,0.008,-0.000,0.998
0.132,0.008,-0.003,1.001
0.134,0.007,-0.004,1.001
0.137,0.008,-0.007,1.001
0.139,0.006,-0.009,1.001
0.141,0.004,-0.012,1.002
0.145,0.002,-0.014,1.001
0.146,-0.002,-0.017,1.002
0.149,-0.002,-0.019,1.001
0.151,-0.003,-0.019,1.003
0.153,-0.005,-0.019,1.003
0.156,-0.006,-0.019,1.005
0.158,-0.004,-0.020,1.003
0.161,-0.006,-0.016,1.002
0.163,-0.006,-0.014,0.999
0.166,-0.004,-0.011,1.001
0.168,-0.002,-0.009,1.000
0.170,0.000,-0.005,1.001
0.173,0.001,-0.004,1.000
0.175,0.003,-0.001,1.002
0.180,0.004,-0.001,0.998
0.180,0.006,0.000,1.001
0.183,0.007,0.000,0.998
0.185,0.007,-0.001,0.999
0.187,0.009,-0.000,0.998
0.190,0.008,-0.003,1.001
0.192,0.008,-0.004,1.000
0.195,0.006,-0.007,1.001
0.197,0.006,-0.009,0.999
0.199,0.003,-0.011,1.000
0.202,-0.000,-0.014,1.000
0.204,-0.002,-0.017,1.000
0.206,-0.004,-0.019,1.001
0.209,-0.005,-0.018,1.003
0.212,-0.005,-0.021,1.004
0.214,-0.005,-0.021,1.007
0.216,-0.005,-0.018,1.002
0.218,-0.004,-0.017,1.002
0.221,-0.005,-0.013,1.000
0.223,-0.003,-0.012,1.002
0.226,-0.001,-0.009,1.002
0.228,-0.001,-0.007,1.004
0.231,0.003,-0.002,1.002
0.233,0.004,-0.002,1.002
0.236,0.006,-0.001,0.999
0.238,0.006,-0.001,0.999
0.240,0.008,0.000,0.998
0.244,0.010,-0.001,0.999
0.246,0.008,-0.000,1.001
0.247,0.010,-0.003,1.000
0.250,0.006,-0.004,1.000
0.252,0.007,-0.007,1.002
0.255,0.006,-0.009,1.000
0.257,0.001,-0.012,1.000
0.260,0.000,-0.014,1.000
0.262,-0.002,-0.016,1.001
0.264,-0.004,-0.018,1.001
0.267,-0.004,-0.020,1.003
0.275,-0.005,-0.020,1.005
0.275,-0.004,-0.020,1.005
0.275,-0.006,-0.018,1.002
0.281,-0.006,-0.018,1.005
0.281,-0.005,-0.014,1.002
0.281,-0.004,-0.012,1.003
0.289,-0.002,-0.009,1.000
0.290,-0.001,-0.005,1.002
0.290,0.001,-0.003,1.001
0.291,0.003,-0.001,1.002
0.293,0.007,-0.001,0.999
0.296,0.005,-0.000,1.000
0.298,0.006,-0.000,0.997
0.302,0.005,0.000,1.000
0.303,0.001,0.005,1.000
0.305,-0.010,0.014,0.995
0.308,-0.019,0.022,0.992
0.310,-0.019,0.012,0.996
0.313,-0.013,-0.003,1.001
0.315,-0.014,-0.027,1.012
0.317,-0.032,-0.039,1.005
0.320,-0.038,-0.058,1.018
0.322,-0.059,-0.044,1.006
0.325,-0.061,-0.026,0.995
0.327,-0.051,-0.021,0.997
0.329,-0.050,-0.018,1.004
0.332,-0.053,-0.018,0.999
0.336,-0.060,-0.012,1.000
0.337,-0.060,-0.018,1.003
0.339,-0.058,-0.017,1.003
0.341,-0.055,-0.019,1.001
0.344,-0.057,-0.017,0.999
0.346,-0.056,-0.014,0.998
0.349,-0.054,-0.011,1.001
0.351,-0.046,-0.000,0.993
0.353,-0.043,-0.002,1.004
0.356,-0.057,-0.003,0.999
0.358,-0.075,-0.004,0.984
0.361,-0.107,0.008,1.010
0.363,-0.106,0.000,1.011
0.365,-0.117,-0.014,0.978
0.369,-0.123,-0.019,1.002
0.370,-0.122,-0.021,0.998
0.373,-0.221,-0.040,0.978
0.375,-0.237,-0.045,1.045
0.377,-0.221,-0.046,0.965
0.380,-0.208,-0.040,1.002
0.383,-0.225,-0.051,1.007
0.385,-0.210,-0.052,0.999
0.387,-0.184,-0.054,1.023
0.390,-0.181,-0.052,0.986
0.392,-0.156,-0.028,0.992
0.394,-0.126,-0.014,1.025
0.397,-0.124,-0.017,0.972
0.399,-0.129,-0.019,1.021
0.404,-0.140,-0.025,0.991
0.404,-0.134,-0.010,0.997
0.406,-0.114,-0.012,1.011
0.409,-0.117,-0.013,0.971
0.411,-0.105,-0.008,1.030
0.414,-0.130,-0.020,0.994
0.416,-0.101,-0.012,0.974
0.419,-0.081,-0.002,1.030
0.421,-0.077,-0.012,0.985
0.423,-0.063,-0.007,0.990
0.426,-0.064,-0.014,1.010
0.428,-0.061,-0.016,0.990
0.430,-0.055,-0.010,1.003
0.433,-0.048,-0.020,0.995
0.436,-0.051,-0.018,1.002
0.438,-0.061,-0.031,1.014
0.440,-0.062,-0.019,0.985
0.442,-0.045,-0.006,1.009
0.446,-0.057,-0.011,1.001
0.448,-0.084,-0.015,0.992
0.450,-0.084,-0.015,1.010
0.452,-0.069,-0.010,1.007
0.455,-0.078,-0.014,1.017
0.457,-0.071,-0.016,0.976
0.459,-0.093,-0.009,1.000
0.462,-0.071,0.001,1.020
0.464,-0.081,-0.004,1.007
0.467,-0.081,-0.004,0.975
0.470,-0.101,-0.012,1.016
0.471,-0.118,-0.020,0.986
0.474,-0.100,-0.006,0.975
0.476,-0.089,-0.006,1.037
0.480,-0.107,-0.015,0.980
0.482,-0.120,-0.009,0.993
0.483,-0.097,-0.005,1.008
0.486,-0.094,-0.006,0.991
0.488,-0.112,-0.009,1.005
0.491,-0.095,-0.008,0.996
0.493,-0.109,-0.009,1.006
0.496,-0.104,-0.012,0.990
0.498,-0.128,-0.023,1.027
0.500,-0.125,-0.018,1.001
0.504,-0.134,-0.011,0.990
0.505,-0.108,-0.010,1.020
0.507,-0.117,-0.022,0.999
0.510,-0.121,-0.024,0.961
0.512,-0.137,-0.025,1.032
0.515,-0.146,-0.041,0.985
0.520,-0.143,-0.050,1.013
0.520,-0.148,-0.040,1.029
0.522,-0.135,-0.030,0.936
0.524,-0.123,-0.017,0.998
0.527,-0.118,-0.019,1.057
0.529,-0.113,-0.023,0.932
0.532,-0.108,-0.028,1.051
0.534,-0.109,-0.025,0.968
0.537,-0.107,-0.021,1.011
0.539,-0.104,-0.025,1.031
0.541,-0.103,-0.024,0.945
0.544,-0.103,-0.027,1.032
0.546,-0.134,-0.044,1.012
0.549,-0.130,-0.039,0.965
0.551,-0.063,-0.009,1.003
0.553,-0.023,-0.005,1.041
0.556,-0.025,-0.016,1.006
0.561,-0.042,-0.024,0.944
0.561,-0.037,-0.028,1.033
0.563,-0.039,-0.031,1.001
0.565,-0.021,-0.021,1.009
0.568,0.003,-0.016,0.982
0.571,0.006,-0.007,0.964
0.573,0.013,-0.004,1.037
0.576,0.014,-0.002,1.015
0.577,-0.010,-0.012,0.981
0.580,-0.017,-0.015,1.008
0.582,-0.023,-0.014,0.989
0.585,-0.024,-0.012,0.985
0.587,-0.017,-0.003,1.028
0.589,-0.010,0.012,0.979
0.593,-0.027,0.005,0.962
0.594,-0.068,-0.000,1.038
0.597,-0.065,0.001,1.034
0.599,-0.075,-0.009,0.953
0.601,-0.089,-0.016,1.008
0.604,-0.103,-0.014,1.045
0.606,-0.103,-0.015,1.011
0.609,-0.110,-0.010,0.999
0.611,-0.122,0.002,1.029
0.613,-0.097,-0.011,0.972
0.616,-0.130,-0.027,0.963
0.618,-0.119,-0.034,0.988
0.621,-0.106,-0.019,1.034
0.623,-0.114,-0.022,0.998
0.627,-0.105,-0.012,0.983
0.628,-0.112,-0.016,0.980
0.630,-0.116,-0.021,0.994
0.633,-0.105,-0.012,1.068
0.635,-0.114,-0.014,0.998
0.638,-0.105,-0.013,0.961
0.640,-0.104,-0.010,0.968
0.642,-0.094,-0.016,0.976
0.645,-0.080,-0.007,1.046
0.647,-0.078,-0.009,0.994
0.650,-0.064,0.008,0.972
0.652,-0.108,-0.002,1.007
0.654,-0.121,-0.014,1.017
0.657,-0.091,-0.006,1.014
0.660,-0.137,-0.028,0.959
0.662,-0.127,-0.024,1.074
0.664,-0.157,-0.035,0.943
0.666,-0.135,-0.034,1.001
0.669,-0.138,-0.042,1.056
0.672,-0.136,-0.048,0.911
0.674,-0.105,-0.041,1.068
0.676,-0.116,-0.045,0.991
0.678,-0.122,-0.040,0.973
0.681,-0.088,-0.030,1.009
0.684,-0.088,-0.033,1.040
0.686,-0.109,-0.033,0.985
0.688,-0.086,-0.021,0.971
0.691,-0.090,-0.018,1.058
0.694,-0.106,-0.019,0.972
0.695,-0.099,-0.008,1.021
0.698,-0.094,-0.016,0.978
0.700,-0.087,-0.012,1.006
0.703,-0.063,0.003,1.056
0.705,-0.076,0.037,0.922
0.708,-0.027,0.035,1.091
0.710,-0.055,0.009,0.925
0.712,-0.021,0.010,1.015
0.715,-0.050,-0.005,1.016
0.717,-0.045,-0.004,0.972
0.720,-0.046,-0.010,1.009
0.722,-0.064,-0.012,0.991
0.724,-0.053,-0.032,1.000
0.727,-0.030,-0.003,1.001
0.729,-0.043,-0.010,0.972
0.731,-0.017,0.001,1.034
0.734,-0.036,-0.003,0.968
0.736,-0.012,-0.018,1.055
0.739,-0.026,-0.005,0.991
0.741,-0.034,-0.015,0.990
0.743,-0.033,-0.029,1.020
0.746,-0.002,-0.034,0.978
0.750,0.002,-0.031,1.062
0.751,-0.012,-0.032,0.942
0.754,0.024,-0.032,1.059
0.756,0.020,-0.027,0.994
0.761,0.041,-0.019,0.989
0.761,0.066,-0.018,1.024
0.763,0.057,-0.020,0.935
0.765,0.091,-0.013,1.023
0.768,0.126,-0.008,1.125
0.770,0.086,-0.025,0.845
0.772,0.131,-0.004,1.031
0.775,0.126,-0.007,1.065
0.777,0.135,-0.011,0.900
0.780,0.118,-0.019,1.050
0.784,0.068,-0.032,1.012
0.785,0.078,-0.030,0.986
0.787,0.070,-0.047,1.005
0.789,0.099,-0.034,0.992
0.792,0.091,-0.037,0.992
0.795,0.091,-0.045,1.025
0.797,0.107,-0.036,0.968
0.800,0.153,-0.016,1.066
0.801,0.159,-0.010,0.992
0.804,0.166,-0.006,1.000
0.806,0.193,0.001,0.974
0.809,0.214,0.003,1.009
0.811,0.237,0.008,1.005
0.813,0.229,0.003,1.007
0.817,0.230,0.008,0.992
0.818,0.219,0.014,0.958
0.822,0.259,0.019,0.987
0.823,0.297,0.018,1.042
0.825,0.242,-0.003,1.020
0.828,0.259,-0.010,0.953
0.830,0.356,0.009,1.009
0.833,0.327,-0.009,1.036
0.835,0.300,-0.014,0.998
0.838,0.250,-0.029,1.021
0.840,0.263,-0.026,0.989
0.842,0.268,-0.020,1.015
0.845,0.310,-0.009,0.970
0.847,0.343,-0.003,1.062
0.851,0.335,-0.004,0.972
0.852,0.297,-0.017,1.016
0.854,0.287,-0.017,1.033
0.858,0.275,-0.016,0.965
0.859,0.298,-0.012,1.017
0.862,0.303,-0.007,1.005
0.864,0.331,-0.004,1.015
0.867,0.340,-0.002,1.013
0.870,0.363,0.001,0.958
0.871,0.387,0.004,1.039
0.874,0.379,0.000,0.992
0.876,0.352,-0.011,1.024
0.878,0.323,-0.021,0.988
0.881,0.313,-0.020,0.989
0.885,0.330,-0.012,1.006
0.886,0.316,-0.014,1.012
0.888,0.317,-0.011,0.983
0.890,0.331,-0.008,1.003
0.893,0.343,-0.003,1.025
0.896,0.322,-0.010,0.993
0.898,0.310,-0.007,1.001
0.900,0.308,-0.002,1.005
0.902,0.272,-0.009,1.018
0.905,0.255,-0.001,0.996
0.908,0.233,0.003,1.004
0.910,0.215,0.008,1.008
0.912,0.187,0.004,1.008
0.914,0.172,0.005,1.007
0.918,0.159,0.012,1.003
0.919,0.140,0.017,1.003
0.922,0.120,0.033,1.007
0.926,0.098,0.039,1.002
0.927,0.069,0.036,1.004
0.930,0.043,0.027,0.999
0.931,0.020,0.012,1.000
0.934,0.013,0.000,1.001
0.936,0.008,-0.006,1.000
0.939,0.007,-0.012,1.001
0.942,0.003,-0.019,0.999
0.944,0.002,-0.027,0.998
0.946,-0.002,-0.038,0.999
0.948,-0.005,-0.051,0.998
0.951,-0.008,-0.070,0.998
0.953,-0.013,-0.091,0.999
0.955,-0.013,-0.111,1.000
0.958,-0.015,-0.121,0.997
0.961,-0.017,-0.136,0.998
0.963,-0.019,-0.150,1.005
0.965,-0.021,-0.154,0.994
0.967,-0.019,-0.155,1.006
0.970,-0.025,-0.169,1.003
0.974,-0.026,-0.179,1.006
0.975,-0.026,-0.183,1.004
0.977,-0.022,-0.164,0.994
0.979,-0.022,-0.157,0.994
0.982,-0.020,-0.137,0.999
0.985,-0.025,-0.137,1.006
0.987,-0.028,-0.160,1.000
0.989,-0.033,-0.164,0.990
0.992,-0.027,-0.146,0.984
0.994,-0.027,-0.132,1.017
0.997,-0.026,-0.126,0.985
1.001,-0.017,-0.089,1.001
1.001,-0.018,-0.096,0.993
1.004,-0.017,-0.095,0.995
1.007,-0.015,-0.118,0.994
1.009,-0.016,-0.132,1.012
1.011,-0.016,-0.138,0.989
1.013,-0.015,-0.133,1.027
1.016,-0.009,-0.122,0.978
1.018,-0.006,-0.098,1.002
1.020,-0.002,-0.083,1.028
1.023,0.004,-0.064,0.978
1.025,-0.005,-0.075,1.001
1.028,-0.028,-0.141,1.018
1.030,-0.026,-0.129,1.013
1.033,-0.024,-0.110,0.964
1.035,-0.018,-0.072,1.003
1.037,-0.018,-0.077,1.017
1.042,-0.028,-0.135,0.990
1.043,-0.013,-0.085,1.012
1.045,-0.014,-0.073,1.020
1.047,-0.017,-0.116,0.950
1.049,-0.007,-0.094,1.012
1.052,-0.019,-0.137,1.020
1.054,-0.026,-0.175,0.980
1.057,-0.012,-0.142,1.032
1.059,-0.018,-0.158,0.959
1.061,-0.023,-0.139,0.994
1.064,-0.019,-0.126,0.998
1.066,-0.029,-0.156,0.987
1.069,-0.028,-0.131,1.021
1.071,-0.035,-0.128,0.958
1.075,-0.033,-0.109,1.044
1.076,-0.028,-0.109,1.050
1.078,-0.015,-0.111,0.924
1.081,-0.030,-0.113,1.010
1.083,-0.032,-0.115,1.030
1.086,-0.044,-0.136,0.946
1.088,-0.032,-0.108,1.047
1.090,-0.042,-0.138,0.992
1.093,-0.041,-0.137,0.972
1.095,-0.031,-0.126,1.045
1.098,-0.034,-0.118,0.999
1.100,-0.029,-0.123,0.974
1.102,-0.034,-0.140,0.967
1.105,-0.041,-0.156,1.022
1.108,-0.032,-0.162,0.992
1.110,-0.026,-0.148,1.049
1.112,-0.030,-0.160,0.935
1.114,-0.018,-0.120,1.028
1.117,-0.026,-0.129,0.996
1.119,-0.028,-0.160,0.992
1.122,-0.019,-0.130,1.031
1.124,-0.030,-0.125,0.971
1.126,-0.018,-0.123,1.033
1.129,-0.009,-0.105,0.949
1.131,-0.016,-0.116,1.023
1.134,0.005,-0.081,1.036
1.136,0.022,-0.065,0.969
1.138,0.009,-0.070,1.022
1.142,0.006,-0.109,1.002
1.143,0.017,-0.051,1.041
1.146,0.004,-0.097,0.931
1.148,0.019,-0.069,1.032
1.150,0.010,-0.121,0.965
1.153,0.026,-0.073,1.055
1.155,0.022,-0.083,0.953
1.158,-0.001,-0.086,1.049
1.160,0.037,-0.052,0.963
1.162,0.016,-0.050,0.965
1.166,0.025,-0.037,1.044
1.170,0.031,-0.075,0.951
1.171,0.014,-0.066,1.027
1.172,0.011,-0.074,1.004
1.176,0.027,-0.056,1.025
1.177,0.021,-0.070,0.923
1.179,0.005,-0.098,1.044
1.182,0.013,-0.069,1.052
1.184,-0.000,-0.064,0.879
1.187,-0.003,-0.064,1.080
1.189,-0.005,-0.083,0.984
1.191,-0.008,-0.083,0.973
1.194,-0.018,-0.093,1.083
1.196,-0.020,-0.103,0.907
1.199,-0.006,-0.066,1.079
1.201,-0.010,-0.097,0.978
1.204,-0.022,-0.115,0.961
1.206,-0.024,-0.084,1.094
1.209,-0.029,-0.097,0.933
1.211,-0.004,-0.053,1.024
1.213,-0.036,-0.066,1.025
1.215,-0.016,-0.035,0.945
1.218,-0.028,-0.061,1.022
1.221,-0.026,-0.073,1.042
1.223,-0.040,-0.034,0.961
1.225,-0.045,-0.059,0.962
1.228,-0.057,-0.081,1.054
1.230,-0.033,-0.082,1.020
1.233,-0.054,-0.088,0.911
1.235,-0.046,-0.026,1.072
1.237,-0.036,-0.050,0.997
1.242,-0.034,-0.033,0.945
1.243,-0.035,-0.045,1.070
1.245,-0.026,-0.042,0.996
1.247,-0.021,-0.021,0.934
1.249,-0.039,-0.028,1.040
1.252,-0.017,-0.032,1.018
1.254,-0.020,-0.060,0.977
1.257,-0.032,-0.077,1.064
1.259,-0.030,-0.075,0.906
1.261,-0.016,-0.058,1.053
1.266,-0.023,-0.063,1.010
1.266,-0.017,-0.061,0.975
1.269,-0.022,-0.054,1.062
1.271,0.007,-0.023,0.922
1.274,0.007,0.027,1.031
1.276,0.012,0.008,1.062
1.278,0.024,0.015,0.924
1.281,0.019,0.053,1.068
1.283,0.024,0.052,0.949
1.286,0.021,0.053,1.013
1.288,0.011,0.038,1.003
1.290,0.014,0.025,1.000
1.293,0.024,0.024,1.030
1.295,0.011,-0.018,0.950
1.299,0.001,-0.013,1.028
1.300,0.004,0.013,1.011
1.302,-0.008,-0.015,0.938
1.305,0.028,0.014,1.082
1.307,0.015,0.015,0.932
1.310,0.021,0.042,1.064
1.312,-0.016,0.021,0.913
1.314,-0.011,0.057,1.078
1.317,-0.001,0.064,0.992
1.320,-0.000,0.107,1.001
1.322,-0.001,0.123,0.962
1.324,-0.008,0.122,1.038
1.326,-0.001,0.116,0.956
1.329,0.007,0.141,1.057
1.332,-0.015,0.123,0.994
1.334,0.017,0.168,0.966
1.336,-0.004,0.160,0.994
1.338,0.020,0.194,1.105
1.341,0.007,0.173,0.871
1.344,0.019,0.201,1.029
1.346,0.018,0.177,1.035
1.348,0.014,0.185,0.990
1.350,0.025,0.184,1.024
1.354,0.030,0.228,0.973
1.356,0.045,0.243,1.011
1.358,0.049,0.247,1.012
1.360,0.043,0.251,1.016
1.362,0.033,0.237,0.947
1.366,0.043,0.245,1.075
1.367,0.039,0.223,0.939
1.370,0.034,0.217,1.078
1.372,0.049,0.209,0.975
1.374,0.047,0.222,0.963
1.379,0.041,0.210,1.063
1.379,0.036,0.200,0.968
1.383,0.040,0.210,1.057
1.384,0.050,0.222,0.974
1.387,0.038,0.238,0.971
1.389,0.057,0.250,1.036
1.391,0.052,0.219,1.038
1.394,0.051,0.216,0.970
1.396,0.045,0.220,1.008
1.399,0.058,0.215,1.017
1.401,0.040,0.197,0.967
1.403,0.038,0.200,1.026
1.406,0.062,0.223,1.030
1.409,0.065,0.205,1.000
1.411,0.064,0.200,0.954
1.413,0.076,0.217,1.015
1.415,0.083,0.202,1.033
1.418,0.090,0.203,0.990
1.420,0.091,0.199,0.989
1.423,0.094,0.192,1.031
1.425,0.091,0.193,0.977
1.427,0.096,0.180,1.025
1.430,0.087,0.156,1.006
1.433,0.071,0.141,0.991
1.435,0.061,0.134,1.024
1.437,0.061,0.127,0.990
1.439,0.060,0.130,1.010
1.442,0.057,0.127,1.005
1.444,0.051,0.117,1.001
1.447,0.049,0.117,1.009
1.449,0.043,0.107,1.001
1.451,0.034,0.095,1.007
1.455,0.028,0.080,0.997
1.456,0.023,0.056,1.001
1.459,0.023,0.029,1.000
1.461,0.022,0.007,1.000
1.463,0.021,-0.003,1.001
1.467,0.019,-0.006,1.000
1.468,0.014,-0.010,0.996
1.471,0.014,-0.016,1.001
1.473,0.011,-0.012,1.003
1.476,0.007,-0.008,0.998
1.478,0.005,-0.018,1.001
1.484,0.005,-0.022,1.003
1.484,0.003,-0.019,1.002
1.485,0.004,-0.027,1.000
1.490,0.007,-0.033,1.004
1.490,0.016,-0.041,1.000
1.493,0.019,-0.037,1.004
1.495,0.019,-0.036,1.001
1.497,0.024,-0.037,1.007
1.500,0.031,-0.032,1.000
1.502,0.031,-0.031,0.988
1.504,0.036,-0.027,0.997
1.507,0.044,-0.036,1.003
1.509,0.052,-0.042,1.004
1.512,0.055,-0.047,1.004
1.514,0.063,-0.057,1.011
1.517,0.090,-0.072,1.011
1.519,0.092,-0.079,0.996
1.525,0.077,-0.066,0.967
1.525,0.068,-0.046,0.992
1.527,0.087,-0.052,1.012
1.529,0.143,-0.060,1.043
1.531,0.160,-0.061,0.987
1.534,0.130,-0.057,0.969
1.536,0.130,-0.052,1.019
1.538,0.141,-0.058,1.041
1.541,0.144,-0.055,0.989
1.543,0.131,-0.064,0.990
1.546,0.132,-0.049,0.985
1.548,0.142,-0.039,1.013
1.550,0.152,-0.027,1.021
1.553,0.159,-0.015,1.004
1.556,0.152,-0.016,1.009
1.558,0.146,-0.018,0.996
1.560,0.161,-0.020,0.994
1.562,0.154,-0.030,1.010
1.565,0.155,-0.023,1.007
1.568,0.157,-0.025,0.996
1.570,0.155,-0.027,1.007
1.572,0.161,-0.031,0.964
1.574,0.161,-0.035,1.008
1.577,0.165,-0.048,1.011
1.579,0.161,-0.047,1.045
1.582,0.178,-0.035,0.914
1.584,0.180,-0.026,1.052
1.586,0.196,-0.014,0.992
1.590,0.201,-0.014,0.975
1.591,0.207,-0.018,1.033
1.594,0.208,-0.017,1.005
1.596,0.205,-0.003,0.988
1.599,0.195,0.000,1.019
1.601,0.201,-0.003,0.979
1.603,0.201,-0.015,1.023
1.607,0.213,-0.008,0.986
1.608,0.202,-0.005,1.031
1.611,0.198,-0.002,0.998
1.613,0.195,0.004,0.981
1.615,0.197,0.007,1.017
1.618,0.217,0.026,0.991
1.620,0.213,0.029,1.054
1.627,0.235,0.028,0.951
1.627,0.228,0.031,1.015
1.627,0.234,0.029,0.994
1.630,0.222,0.027,1.025
1.632,0.230,0.015,0.991
1.636,0.213,0.005,1.003
1.637,0.212,0.013,0.996
1.639,0.214,0.022,1.002
1.642,0.223,0.013,1.009
1.644,0.219,0.017,1.035
1.647,0.228,0.016,0.974
1.649,0.221,0.019,1.017
1.651,0.231,0.020,1.024
1.654,0.230,0.020,0.962
1.657,0.221,0.014,1.038
1.659,0.237,0.017,0.941
1.661,0.205,0.015,1.093
1.663,0.249,0.016,0.945
1.666,0.219,-0.000,1.029
1.669,0.220,-0.001,0.991
1.671,0.220,-0.000,1.016
1.673,0.227,-0.003,0.990
1.675,0.219,-0.001,0.977
1.680,0.207,-0.003,1.015
1.680,0.222,0.003,1.008
1.683,0.226,-0.001,1.018
1.686,0.219,-0.012,0.952
1.689,0.217,-0.007,1.043
1.691,0.231,-0.006,0.967
1.692,0.180,-0.024,1.038
1.695,0.201,-0.028,0.973
1.697,0.184,-0.029,1.041
1.700,0.179,-0.034,0.938
1.702,0.145,-0.042,1.077
1.705,0.158,-0.039,1.001
1.707,0.123,-0.033,0.979
1.709,0.127,-0.038,0.984
1.713,0.087,-0.044,1.045
1.714,0.093,-0.043,0.985
1.717,0.080,-0.044,1.021
1.720,0.066,-0.040,0.969
1.728,0.023,-0.057,1.082
1.728,0.056,-0.046,0.913
1.728,0.021,-0.051,1.057
1.730,0.038,-0.051,0.979
1.731,0.044,-0.057,1.023
1.733,0.056,-0.048,0.982
1.736,0.077,-0.042,1.010
1.738,0.080,-0.052,1.010
1.741,0.091,-0.063,0.968
1.743,0.078,-0.075,1.023
1.749,0.097,-0.067,1.020
1.749,0.132,-0.058,0.941
1.751,0.121,-0.057,1.054
1.753,0.121,-0.052,0.946
1.755,0.105,-0.057,1.058
1.758,0.106,-0.057,0.913
1.760,0.046,-0.077,1.083
1.762,0.067,-0.075,0.928
1.765,0.034,-0.078,1.045
1.767,0.049,-0.072,0.967
1.770,0.006,-0.082,1.009
1.780,0.000,-0.082,1.020
1.780,-0.003,-0.065,0.976
1.780,-0.032,-0.065,1.035
1.780,0.009,-0.051,0.983
1.782,-0.018,-0.046,1.031
1.784,0.001,-0.053,0.980
1.786,0.004,-0.055,1.021
1.789,0.025,-0.031,1.010
1.792,0.023,-0.026,0.964
1.793,-0.024,-0.039,1.049
1.796,-0.007,-0.027,0.987
1.798,0.000,-0.019,1.002
1.801,-0.024,-0.034,0.987
1.803,-0.022,-0.030,1.058
1.806,0.005,-0.015,0.909
1.808,-0.058,-0.011,1.110
1.810,-0.030,-0.019,0.929
1.815,-0.018,-0.007,0.997
1.815,0.008,0.005,1.010
1.818,0.008,0.014,0.965
1.820,0.000,0.013,1.042
1.822,0.014,0.016,0.940
1.825,0.008,0.006,1.061
1.827,-0.007,0.007,0.956
1.830,0.005,0.003,1.001
1.832,0.004,-0.000,1.009
1.834,-0.000,-0.004,0.998
1.837,-0.012,-0.008,0.994
1.839,-0.023,-0.010,1.038
1.842,-0.018,-0.014,0.940
1.844,-0.039,-0.021,1.045
1.848,-0.025,-0.017,1.020
1.849,-0.021,-0.003,1.001
1.851,-0.023,0.006,0.937
1.854,-0.025,0.001,1.031
1.856,-0.032,-0.006,1.008
1.859,-0.003,-0.002,1.015
1.861,0.004,-0.003,0.985
1.863,-0.012,-0.026,1.005
1.866,0.031,-0.034,1.020
1.868,0.040,-0.030,0.994
1.871,0.025,-0.040,0.991
1.873,0.008,-0.043,1.040
1.876,-0.000,-0.038,1.009
1.878,0.021,-0.023,0.926
1.884,-0.046,-0.034,1.074
1.885,-0.062,-0.039,0.931
1.885,-0.088,-0.042,1.062
1.888,-0.021,-0.023,0.921
1.890,-0.021,-0.012,1.070
1.893,0.040,0.012,0.953
1.895,0.037,0.009,1.069
1.897,0.089,0.026,0.935
1.899,0.081,0.030,1.080
1.902,0.110,0.041,0.930
1.905,0.072,0.035,1.071
1.907,0.101,0.052,0.954
1.909,0.095,0.035,1.023
1.911,0.080,0.021,0.999
1.915,0.066,0.021,0.997
1.916,0.013,-0.003,0.992
1.919,0.024,-0.010,1.011
1.921,0.029,-0.012,1.051
1.924,0.018,-0.016,0.906
1.926,-0.034,-0.041,1.097
1.928,0.008,-0.028,0.939
1.931,-0.055,-0.028,1.022
1.933,-0.056,-0.022,1.004
1.937,-0.097,-0.021,1.012
1.938,-0.119,-0.030,0.989
1.940,-0.097,-0.014,0.993
1.943,-0.089,-0.006,0.999
1.945,-0.171,-0.029,1.017
1.948,-0.127,-0.021,0.916
1.950,-0.132,-0.014,1.100
1.952,-0.079,0.001,0.902
1.955,-0.074,0.003,1.027
1.957,-0.088,-0.002,1.062
1.960,-0.072,-0.002,0.960
1.966,-0.059,-0.000,1.035
1.966,-0.058,-0.008,0.972
1.967,-0.079,-0.018,0.967
1.972,-0.109,-0.035,1.085
1.972,-0.117,-0.033,0.933
1.974,-0.169,-0.051,1.003
1.977,-0.197,-0.053,1.017
1.979,-0.196,-0.049,0.987
1.982,-0.213,-0.049,0.977
1.984,-0.250,-0.046,1.034
1.986,-0.248,-0.044,1.011
1.988,-0.283,-0.043,0.952
1.991,-0.291,-0.029,1.052
1.995,-0.261,-0.016,0.945
1.996,-0.268,-0.010,1.024
1.998,-0.257,-0.015,0.991
2.001,-0.256,-0.013,1.009
2.004,-0.228,-0.017,0.977
2.005,-0.267,-0.026,1.043
2.008,-0.254,-0.026,0.950
2.010,-0.256,-0.022,1.012
2.013,-0.232,-0.009,0.983
2.016,-0.244,-0.011,1.024
2.018,-0.232,-0.006,0.991
2.020,-0.252,-0.011,1.025
2.023,-0.277,-0.018,0.967
2.025,-0.296,-0.026,0.988
2.027,-0.337,-0.046,1.027
2.030,-0.341,-0.047,0.944
2.032,-0.385,-0.045,1.049
2.034,-0.372,-0.036,0.972
2.038,-0.388,-0.024,0.995
2.039,-0.390,-0.012,1.031
2.042,-0.396,0.002,0.951
2.044,-0.423,-0.005,1.017
2.046,-0.436,-0.011,0.999
2.049,-0.436,-0.015,0.976
2.051,-0.469,-0.026,1.016
2.054,-0.466,-0.020,1.019
2.056,-0.449,-0.012,0.963
2.058,-0.473,-0.014,1.046
2.062,-0.467,-0.013,0.946
2.063,-0.489,-0.018,1.021
2.066,-0.481,-0.016,0.992
2.068,-0.478,-0.013,0.975
2.072,-0.486,-0.004,1.013
2.073,-0.471,0.007,0.985
2.075,-0.454,0.022,1.006
2.078,-0.437,0.039,1.002
2.080,-0.398,0.064,0.991
2.083,-0.324,0.097,1.000
2.085,-0.185,0.104,0.984
2.087,0.031,-0.015,1.012
2.090,0.008,-0.005,1.019
2.092,0.000,0.000,0.970
2.097,0.010,-0.004,1.015
2.098,0.005,-0.007,0.993
2.099,0.001,-0.006,1.001
2.102,-0.008,-0.011,0.999
2.105,-0.012,-0.015,1.003
2.107,-0.023,-0.013,1.003
2.109,-0.039,-0.010,0.997
2.111,-0.036,-0.010,1.014
2.114,-0.073,-0.006,0.985
2.116,-0.096,-0.008,1.010
2.119,-0.111,-0.004,0.995
2.121,-0.117,0.005,1.004
2.123,-0.123,0.011,1.002
2.126,-0.126,0.019,0.999
2.129,-0.133,0.020,0.998
2.131,-0.143,0.025,0.997
2.133,-0.150,0.033,1.008
2.136,-0.159,0.035,0.993
2.138,-0.189,0.035,0.997
2.140,-0.205,0.034,1.014
2.143,-0.252,0.028,0.987
2.145,-0.279,0.028,1.004
2.147,-0.294,0.022,0.994
2.150,-0.304,0.024,0.998
2.152,-0.328,0.023,0.995
2.155,-0.333,0.025,1.013
2.157,-0.339,0.022,0.971
2.160,-0.340,0.014,0.992
2.162,-0.342,0.004,1.028
2.164,-0.341,-0.006,0.969
2.167,-0.341,-0.005,1.020
2.169,-0.322,-0.001,0.993
2.173,-0.315,0.006,1.018
2.174,-0.326,0.006,0.974
2.176,-0.299,-0.000,1.019
2.179,-0.285,0.000,0.985
2.181,-0.276,-0.007,1.010
2.184,-0.267,-0.026,0.976
2.186,-0.244,-0.033,1.014
2.188,-0.238,-0.048,0.995
2.191,-0.219,-0.051,0.978
2.196,-0.187,-0.047,1.043
2.196,-0.177,-0.033,0.945
2.198,-0.147,-0.021,1.035
2.200,-0.141,-0.031,0.996
2.208,-0.160,-0.044,0.971
2.208,-0.147,-0.046,1.006
2.208,-0.146,-0.053,0.987
2.211,-0.148,-0.054,1.032
2.213,-0.160,-0.058,0.967
2.215,-0.144,-0.050,1.020
2.218,-0.166,-0.056,0.987
2.220,-0.145,-0.054,0.994
2.222,-0.174,-0.065,0.995
2.225,-0.180,-0.068,0.996
2.231,-0.201,-0.073,1.012
2.231,-0.209,-0.072,1.012
2.232,-0.218,-0.071,0.975
2.234,-0.199,-0.061,1.006
2.237,-0.176,-0.050,1.003
2.239,-0.177,-0.041,0.985
2.241,-0.164,-0.038,1.021
2.244,-0.150,-0.038,1.001
2.246,-0.151,-0.039,0.972
2.249,-0.155,-0.037,1.043
2.251,-0.175,-0.044,0.983
2.253,-0.157,-0.036,1.026
2.256,-0.179,-0.039,0.960
2.258,-0.167,-0.031,1.007
2.262,-0.154,-0.027,1.009
2.263,-0.143,-0.029,0.975
2.266,-0.123,-0.026,1.005
2.268,-0.131,-0.039,0.996
2.270,-0.132,-0.042,1.009
2.273,-0.123,-0.042,1.019
2.275,-0.130,-0.044,0.941
2.278,-0.133,-0.031,1.022
2.280,-0.132,-0.030,1.004
2.282,-0.135,-0.027,1.006
2.285,-0.130,-0.020,0.995
2.287,-0.118,-0.010,0.992
2.290,-0.111,-0.005,1.030
2.292,-0.098,0.004,0.952
2.296,-0.077,0.008,1.059
2.297,-0.114,0.006,0.918
2.299,-0.114,0.003,1.067
2.302,-0.131,-0.004,1.012
2.304,-0.134,-0.006,0.957
2.307,-0.102,0.005,1.036
2.309,-0.114,-0.009,0.958
2.311,-0.116,-0.015,1.071
2.314,-0.103,-0.010,0.955
2.316,-0.118,-0.016,1.034
2.319,-0.112,-0.017,0.988
2.321,-0.128,-0.019,0.963
2.323,-0.126,-0.025,1.069
2.326,-0.122,-0.022,0.953
2.332,-0.112,-0.026,0.973
2.332,-0.097,-0.012,1.067
2.337,-0.092,-0.021,0.957
2.338,-0.076,-0.016,0.976
2.338,-0.076,-0.031,1.044
2.341,-0.060,-0.029,0.988
2.343,-0.050,-0.013,0.962
2.345,-0.053,-0.017,1.035
2.347,-0.074,-0.033,1.030
2.350,-0.116,-0.036,0.930
2.352,-0.108,-0.035,1.045
2.355,-0.132,-0.040,0.989
2.357,-0.141,-0.036,0.952
2.359,-0.136,-0.033,1.029
2.363,-0.137,-0.028,1.008
2.364,-0.135,-0.027,1.018
2.367,-0.116,-0.012,1.045
2.369,-0.117,-0.009,0.974
2.373,-0.103,-0.006,0.994
2.375,-0.123,-0.009,0.990
2.376,-0.103,-0.010,1.012
2.379,-0.105,-0.000,1.019
2.381,-0.093,-0.000,0.954
2.384,-0.087,-0.002,1.023
2.386,-0.072,-0.002,1.003
2.388,-0.077,0.002,1.020
2.391,-0.078,-0.005,0.977
2.393,-0.070,-0.016,1.026
2.396,-0.077,-0.011,0.980
2.398,-0.062,-0.007,1.034
2.400,-0.078,-0.001,0.948
2.403,-0.071,-0.002,1.027
2.405,-0.080,-0.030,0.983
2.408,-0.092,-0.049,0.967
2.410,-0.094,-0.049,0.998
2.412,-0.061,-0.043,1.000
2.415,-0.049,-0.036,0.986
2.419,-0.042,-0.027,1.034
2.420,-0.060,-0.034,0.962
2.422,-0.058,-0.032,0.974
2.425,-0.033,-0.032,1.086
2.427,-0.044,-0.034,0.922
2.431,-0.015,-0.016,1.072
2.432,-0.003,-0.012,0.963
2.434,-0.022,-0.018,0.982
2.437,0.000,-0.009,1.080
2.439,-0.035,-0.026,0.925
2.442,-0.040,-0.021,1.052
2.449,-0.055,-0.029,0.960
2.449,-0.047,-0.027,1.024
2.449,-0.070,-0.036,0.970
2.454,-0.062,-0.043,0.976
2.454,-0.049,-0.026,1.002
2.456,-0.099,-0.043,1.000
2.458,-0.091,-0.045,1.069
2.461,-0.079,-0.037,0.990
2.464,-0.062,-0.035,0.979
2.466,-0.080,-0.038,0.982
2.468,-0.067,-0.043,1.028
2.470,-0.062,-0.025,1.044
2.473,-0.075,-0.030,0.919
2.476,-0.033,-0.020,1.057
2.478,-0.034,-0.025,0.977
2.480,0.003,-0.013,0.974
2.482,0.038,0.004,1.032
2.486,0.033,-0.008,0.946
2.487,0.036,0.001,1.066
2.490,0.077,0.013,1.034
2.492,0.060,0.008,0.952
2.494,0.018,-0.019,1.007
2.497,-0.015,-0.035,1.028
2.499,-0.024,-0.040,0.977
2.502,-0.027,-0.041,1.028
2.504,-0.033,-0.050,0.990
2.506,-0.016,-0.044,1.053
2.509,-0.014,-0.034,0.946
2.511,-0.026,-0.027,0.955
2.514,-0.007,-0.033,1.036
2.516,0.002,-0.036,0.937
2.520,0.020,-0.025,1.088
2.521,0.006,-0.036,0.956
2.523,0.032,-0.019,1.025
2.526,0.039,-0.022,1.027
2.528,0.036,-0.025,0.984
2.531,0.013,-0.037,1.004
2.533,0.024,-0.045,1.011
2.535,0.023,-0.042,1.013
2.538,0.038,-0.049,0.957
2.540,0.041,-0.033,1.025
2.543,0.049,-0.043,0.986
2.545,0.059,-0.044,1.040
2.547,0.077,-0.034,0.971
2.550,0.105,-0.036,1.001
2.553,0.110,-0.041,1.047
2.555,0.150,-0.041,0.950
2.557,0.153,-0.045,1.016
2.559,0.216,-0.051,1.068
2.562,0.188,-0.057,0.844
2.565,0.217,-0.062,1.119
2.567,0.202,-0.085,0.953
2.569,0.205,-0.098,0.993
2.571,0.221,-0.084,1.016
2.576,0.234,-0.088,0.945
2.576,0.246,-0.086,1.070
2.579,0.262,-0.086,1.024
2.581,0.274,-0.074,0.944
2.583,0.287,-0.058,1.034
2.590,0.312,-0.049,1.008
2.590,0.333,-0.039,0.934
2.591,0.369,-0.006,1.086
2.593,0.376,0.005,0.966
2.595,0.382,0.013,0.998
2.599,0.402,0.023,1.048
2.600,0.403,0.029,0.981
2.603,0.418,0.040,1.003
2.605,0.429,0.047,1.023
2.607,0.444,0.052,0.987
2.610,0.457,0.051,1.029
2.612,0.456,0.039,0.942
2.615,0.449,0.039,1.042
2.617,0.467,0.046,1.010
2.621,0.464,0.038,0.946
2.622,0.454,0.024,1.061
2.624,0.446,0.020,0.995
2.627,0.454,0.021,0.988
2.629,0.438,0.012,1.015
2.632,0.463,0.015,1.053
2.634,0.459,0.005,0.941
2.636,0.434,0.007,1.010
2.639,0.427,0.010,1.046
2.643,0.409,0.019,0.934
2.644,0.402,0.027,1.060
2.646,0.382,0.014,0.974
2.648,0.378,0.012,1.007
2.651,0.374,0.024,1.044
2.654,0.369,0.048,1.036
2.656,0.351,0.066,0.958
2.658,0.319,0.064,1.009
2.660,0.282,0.056,1.019
2.663,0.254,0.046,0.988
2.665,0.233,0.042,1.005
2.668,0.219,0.037,1.008
2.670,0.189,0.017,1.002
2.672,0.179,0.003,0.998
2.677,0.156,-0.006,0.996
2.678,0.162,-0.024,1.015
2.680,0.161,-0.025,1.007
2.682,0.161,-0.033,0.952
2.689,0.168,-0.044,1.043
2.689,0.183,-0.062,0.986
2.690,0.192,-0.069,1.012
2.692,0.214,-0.066,0.998
2.694,0.211,-0.066,1.003
2.697,0.193,-0.066,0.983
2.699,0.223,-0.084,1.048
2.701,0.206,-0.084,0.983
2.704,0.203,-0.056,0.992
2.706,0.188,-0.040,1.019
2.710,0.172,-0.025,0.994
2.711,0.162,-0.022,1.001
2.713,0.151,-0.024,1.005
2.716,0.137,-0.019,1.000
2.718,0.122,-0.016,1.002
2.723,0.095,-0.003,1.008
2.723,0.009,0.002,0.995
2.726,0.006,-0.000,0.988
2.728,0.012,-0.007,1.012
2.730,0.004,-0.006,0.990
2.733,0.005,-0.009,0.997
2.735,0.005,-0.013,1.000
2.737,0.002,-0.014,1.002
2.740,-0.003,-0.017,0.999
2.743,-0.002,-0.019,1.002
2.745,-0.005,-0.022,1.000
2.747,-0.006,-0.021,0.998
2.750,-0.004,-0.024,0.999
2.752,-0.004,-0.035,1.003
2.755,0.002,-0.061,0.998
2.757,0.009,-0.105,1.000
2.759,0.015,-0.146,0.996
2.762,0.014,-0.187,1.003
2.764,0.010,-0.223,0.999
2.767,0.010,-0.220,1.003
2.769,0.002,-0.202,0.999
2.771,-0.005,-0.172,1.002
2.774,-0.008,-0.131,0.997
2.777,-0.013,-0.121,0.999
2.779,-0.005,-0.100,1.003
2.781,-0.003,-0.084,0.997
2.783,0.002,-0.088,1.004
2.786,0.031,-0.117,0.998
2.788,0.017,-0.127,0.987
2.791,0.004,-0.112,1.004
2.793,-0.002,-0.097,0.998
2.795,0.009,-0.092,0.999
2.800,0.011,-0.092,1.014
2.800,0.005,-0.111,0.988
2.803,0.003,-0.103,1.007
2.805,0.000,-0.112,0.985
2.807,-0.007,-0.113,1.000
2.811,-0.004,-0.133,1.002
2.812,0.006,-0.148,0.984
2.815,-0.002,-0.127,1.021
2.817,-0.007,-0.113,1.004
2.819,-0.006,-0.117,1.001
2.822,-0.017,-0.137,0.996
2.824,-0.019,-0.140,0.990
2.827,-0.021,-0.138,1.000
2.829,-0.027,-0.142,1.021
2.831,-0.023,-0.185,0.989
2.836,-0.017,-0.186,0.988
2.841,-0.036,-0.197,0.979
2.841,-0.034,-0.190,1.063
2.842,-0.049,-0.197,0.896
2.845,-0.076,-0.189,1.087
2.846,-0.054,-0.173,0.983
2.848,-0.072,-0.181,0.955
2.851,-0.061,-0.200,1.015
2.853,-0.050,-0.211,1.002
2.856,-0.062,-0.199,0.988
2.858,-0.042,-0.169,1.036
2.861,-0.037,-0.177,0.974
2.863,-0.058,-0.168,0.959
2.866,-0.076,-0.177,1.017
2.868,-0.062,-0.188,1.047
2.870,-0.042,-0.169,0.942
2.872,-0.051,-0.154,1.035
2.875,-0.063,-0.147,0.971
2.878,-0.054,-0.138,1.000
2.880,-0.061,-0.177,0.987
2.882,-0.026,-0.159,1.045
2.884,-0.021,-0.179,0.947
2.887,-0.088,-0.216,0.987
2.890,-0.074,-0.163,1.096
2.892,-0.087,-0.157,0.871
2.894,-0.062,-0.105,1.096
2.897,-0.059,-0.147,0.912
2.901,-0.059,-0.136,1.062
2.901,-0.052,-0.140,0.981
2.904,-0.052,-0.114,1.024
2.906,-0.060,-0.115,0.963
2.908,-0.047,-0.111,0.994
2.912,-0.052,-0.139,0.979
2.913,-0.048,-0.128,0.992
2.916,-0.042,-0.095,1.083
2.918,-0.067,-0.133,0.857
2.921,-0.065,-0.146,1.129
2.923,-0.072,-0.162,0.927
2.930,-0.058,-0.154,1.018
2.930,-0.065,-0.161,1.019
2.930,-0.059,-0.160,0.922
2.936,-0.026,-0.137,1.113
2.936,-0.038,-0.176,0.953
2.938,-0.072,-0.164,1.016
2.940,-0.063,-0.136,0.989
2.942,-0.039,-0.134,1.024
2.946,-0.037,-0.126,0.974
2.947,-0.042,-0.099,0.979
2.949,-0.028,-0.093,1.055
2.952,-0.052,-0.101,0.970
2.954,-0.058,-0.106,1.075
2.957,-0.061,-0.132,0.890
2.959,-0.056,-0.136,1.021
2.961,-0.061,-0.110,0.963
2.964,-0.081,-0.142,1.065
2.968,-0.047,-0.125,1.090
2.969,-0.057,-0.107,0.814
2.971,-0.045,-0.085,0.986
2.974,-0.056,-0.100,1.133
2.976,-0.036,-0.093,0.946
2.979,-0.040,-0.065,0.972
2.981,-0.032,-0.061,1.120
2.983,-0.017,-0.114,0.811
2.986,0.005,-0.044,1.206
2.988,0.002,-0.115,0.815
2.991,-0.001,-0.048,1.168
2.993,-0.021,-0.097,0.725
2.995,0.013,-0.060,1.247
2.998,0.002,-0.070,0.857
3.001,0.001,-0.058,1.030
3.002,0.026,-0.035,1.118
3.005,0.002,-0.093,0.824
3.008,-0.013,-0.095,1.140
3.010,0.005,-0.085,0.998
3.014,-0.002,-0.101,0.852
3.014,-0.014,-0.116,1.156
3.018,-0.003,-0.098,0.964
3.019,-0.011,-0.119,0.920
3.022,-0.002,-0.108,1.126
3.024,0.003,-0.129,0.864
3.026,0.016,-0.106,1.179
3.029,0.018,-0.114,0.789
3.031,-0.009,-0.108,1.076
3.037,0.031,-0.088,1.074
3.038,0.018,-0.076,0.882
3.039,-0.001,-0.108,1.008
3.041,0.019,-0.074,1.064
3.043,0.017,-0.072,0.950
3.048,0.023,-0.049,1.049
3.048,0.017,-0.050,0.979
3.051,0.017,-0.039,1.018
3.053,0.005,-0.010,1.063
3.055,-0.000,-0.025,0.892
3.058,0.014,-0.018,1.058
3.060,0.006,-0.064,1.031
3.063,0.021,-0.053,1.015
3.065,0.021,-0.060,0.987
3.069,0.020,-0.059,0.983
3.070,0.006,-0.050,1.029
3.072,0.018,-0.064,1.068
3.075,-0.010,-0.056,0.845
3.077,-0.018,-0.072,1.036
3.080,0.001,-0.043,1.185
3.082,-0.001,-0.075,0.805
3.084,-0.009,-0.082,0.970
3.087,-0.007,-0.055,1.255
3.091,-0.010,-0.057,0.884
3.092,-0.042,-0.084,0.719
3.094,-0.026,-0.056,1.192
3.097,-0.030,-0.040,1.066
3.099,-0.021,-0.064,0.853
3.102,-0.027,-0.040,1.075
3.104,-0.028,-0.033,1.012
3.106,-0.034,-0.039,0.946
3.108,-0.041,-0.028,1.048
3.111,-0.060,-0.031,1.011
3.113,-0.082,-0.035,0.965
3.116,-0.114,-0.032,1.002
3.118,-0.106,-0.013,1.079
3.120,-0.120,-0.013,1.017
3.125,-0.138,-0.017,0.948
3.125,-0.138,0.001,1.040
3.128,-0.132,-0.006,0.923
3.130,-0.122,0.005,1.011
3.133,-0.112,0.010,0.965
3.136,-0.088,0.055,1.115
3.138,-0.064,0.058,0.951
3.140,-0.030,0.074,0.941
3.142,-0.001,0.092,0.985
3.145,0.040,0.118,1.027
3.147,0.069,0.148,1.077
3.149,0.099,0.153,0.985
3.152,0.129,0.169,0.988
3.154,0.134,0.192,0.987
3.158,0.138,0.203,0.968
3.159,0.163,0.223,1.052
3.161,0.147,0.229,0.996
3.164,0.173,0.235,1.005
3.171,0.160,0.246,0.975
3.172,0.160,0.236,0.926
3.172,0.181,0.252,1.073
3.174,0.153,0.246,0.972
3.176,0.141,0.251,1.061
3.178,0.131,0.259,0.998
3.182,0.113,0.262,1.077
3.183,0.094,0.249,1.030
3.186,0.078,0.246,1.002
3.188,0.064,0.220,0.888
3.191,0.053,0.227,0.968
3.193,0.062,0.235,0.954
3.195,0.033,0.230,1.153
3.198,0.055,0.208,0.996
3.200,0.043,0.183,0.929
3.203,0.043,0.178,0.814
3.205,0.042,0.182,0.816
3.207,0.023,0.202,0.970
3.209,0.024,0.215,0.952
3.212,0.007,0.239,0.956
3.214,0.031,0.257,1.099
3.217,0.063,0.271,1.209
3.219,0.065,0.276,1.157
3.221,0.057,0.269,1.044
3.225,0.075,0.265,1.045
3.226,0.041,0.247,0.939
3.229,0.052,0.244,1.004
3.231,0.032,0.255,1.095
3.234,0.054,0.228,1.002
3.236,0.037,0.244,0.958
3.238,0.027,0.233,0.951
3.242,0.067,0.239,1.014
3.243,0.051,0.244,0.987
3.246,0.049,0.242,0.998
3.248,0.063,0.260,0.956
3.250,0.040,0.268,0.961
3.253,0.072,0.252,1.064
3.255,0.095,0.260,1.049
3.259,0.081,0.267,0.859
3.260,0.108,0.260,1.003
3.262,0.157,0.256,1.096
3.265,0.156,0.265,1.002
3.267,0.144,0.280,0.929
3.270,0.160,0.286,0.915
3.272,0.178,0.269,0.996
3.275,0.174,0.259,1.051
3.277,0.212,0.226,1.037
3.279,0.229,0.186,1.018
3.282,0.208,0.151,1.004
3.284,0.223,0.115,1.011
3.287,0.252,0.086,1.012
3.289,0.292,0.064,0.981
3.295,0.307,0.046,1.036
3.295,0.304,0.038,1.023
3.297,0.317,0.040,0.995
3.299,0.351,0.034,1.037
3.301,0.336,0.025,1.076
3.304,0.351,0.023,0.955
3.306,0.327,0.008,1.050
3.308,0.311,0.022,1.028
3.311,0.360,0.035,0.945
3.313,0.299,0.032,1.046
3.316,0.364,0.041,0.940
3.318,0.338,0.037,1.068
3.320,0.306,0.053,1.026
3.323,0.378,0.049,0.955
3.326,0.278,0.035,1.014
3.327,0.304,0.039,1.010
3.330,0.285,0.033,1.041
3.332,0.342,0.034,0.937
3.335,0.315,0.033,1.045
3.337,0.297,0.036,1.010
3.340,0.338,0.043,0.943
3.342,0.300,0.036,1.044
3.344,0.278,0.034,1.031
3.349,0.321,0.029,0.965
3.349,0.302,0.002,1.030
3.352,0.348,-0.006,0.964
3.354,0.316,-0.012,1.060
3.356,0.345,-0.018,0.926
3.360,0.324,-0.047,1.140
3.361,0.399,-0.060,0.844
3.364,0.333,-0.075,1.063
3.366,0.306,-0.083,0.996
3.368,0.338,-0.091,0.976
3.371,0.313,-0.113,1.051
3.373,0.327,-0.101,0.924
3.376,0.270,-0.129,1.096
3.378,0.297,-0.108,0.935
3.382,0.246,-0.102,1.070
3.383,0.260,-0.116,0.939
3.385,0.172,-0.109,1.001
3.388,0.190,-0.103,1.061
3.390,0.181,-0.123,0.995
3.393,0.170,-0.111,1.035
3.395,0.152,-0.114,1.047
3.398,0.157,-0.107,1.030
3.400,0.114,-0.090,1.103
3.402,0.162,-0.091,0.962
3.405,0.110,-0.076,1.102
3.411,0.065,-0.052,1.058
3.411,0.037,-0.034,1.029
3.412,0.023,-0.009,0.986
3.419,-0.015,0.011,1.000
3.419,-0.009,0.010,0.905
3.419,0.001,0.004,0.976
3.422,0.010,0.003,0.942
3.424,0.026,-0.014,0.913
3.432,0.037,-0.017,1.012
3.432,0.083,-0.025,0.961
3.432,0.092,-0.019,1.024
3.433,0.101,-0.027,1.011
3.436,0.113,-0.026,1.024
3.439,0.108,-0.025,1.046
3.441,0.142,-0.006,0.991
3.443,0.118,0.007,0.989
3.446,0.111,0.002,1.062
3.449,0.142,-0.001,0.792
3.450,0.150,-0.016,0.857
3.453,0.101,-0.029,1.076
3.455,0.097,-0.036,1.158
3.458,0.125,-0.035,1.000
3.460,0.107,-0.015,0.943
3.462,0.107,-0.020,0.963
3.465,0.079,-0.018,1.042
3.467,0.072,-0.006,1.026
3.470,0.061,0.002,1.024
3.472,0.058,0.013,0.970
3.474,0.041,0.020,0.951
3.477,0.047,0.026,1.036
3.479,0.015,0.034,1.001
3.483,0.022,0.038,1.048
3.484,0.027,0.044,0.939
3.486,0.008,0.045,0.986
3.489,0.017,0.038,1.049
3.491,0.033,0.029,1.002
3.494,0.015,0.028,0.983
3.496,0.008,0.017,0.995
3.499,0.019,0.012,0.984
3.501,-0.023,0.003,1.054
3.503,0.004,0.001,0.988
3.506,-0.015,0.001,0.989
3.508,0.003,0.002,1.007
3.510,0.001,0.008,0.937
3.513,0.025,0.008,1.017
3.519,0.028,0.005,1.014
3.519,0.056,0.007,1.008
3.520,0.107,0.009,0.986
3.523,0.112,0.004,0.998
3.525,0.121,-0.006,1.040
3.528,0.140,-0.006,1.041
3.530,0.141,-0.015,0.905
3.532,0.125,-0.020,1.004
3.535,0.124,-0.030,1.024
3.539,0.098,-0.035,1.019
3.539,0.102,-0.037,1.001
3.542,0.064,-0.043,1.021
3.544,0.057,-0.050,0.985
3.547,0.077,-0.049,0.971
3.550,0.036,-0.044,1.014
3.551,0.023,-0.038,1.068
3.554,0.030,-0.032,1.002
3.556,0.039,-0.021,1.004
3.559,0.039,-0.024,0.977
3.561,0.048,-0.014,0.995
3.563,0.059,-0.009,1.015
3.567,0.048,-0.003,1.061
3.568,0.069,0.005,0.969
3.573,0.072,0.014,0.961
3.573,0.048,0.022,0.994
3.576,0.061,0.036,1.026
3.578,0.068,0.049,0.964
3.580,0.064,0.054,1.025
3.584,0.045,0.057,1.031
3.585,0.035,0.062,1.013
3.587,0.022,0.063,0.937
3.590,0.015,0.066,0.941
3.592,-0.014,0.062,1.041
3.595,-0.030,0.061,1.035
3.597,-0.014,0.065,1.003
3.600,-0.032,0.069,0.967
3.602,-0.051,0.072,0.977
3.606,-0.068,0.075,1.022
3.607,-0.098,0.068,1.002
3.609,-0.087,0.077,0.937
3.612,-0.069,0.079,0.977
3.614,-0.039,0.077,1.044
3.617,0.028,0.075,1.002
3.619,0.051,0.066,0.991
3.621,0.083,0.057,1.011
3.624,0.108,0.052,1.005
3.626,0.114,0.045,1.010
3.632,0.139,0.042,0.982
3.632,0.127,0.035,0.967
3.634,0.104,0.028,1.050
3.636,0.093,0.030,1.048
3.643,0.085,0.024,1.009
3.643,0.084,0.018,1.003
3.643,0.032,0.010,0.985
3.645,0.023,0.006,1.034
3.652,-0.003,-0.002,1.050
3.652,0.004,-0.004,0.994
3.654,-0.003,-0.008,0.918
3.655,-0.041,-0.017,1.014
3.657,-0.078,-0.022,1.064
3.660,-0.106,-0.026,1.032
3.663,-0.092,-0.019,0.959
3.665,-0.110,-0.017,0.933
3.667,-0.142,-0.015,1.012
3.669,-0.168,-0.013,1.044
3.673,-0.171,-0.006,0.987
3.674,-0.158,0.004,0.954
3.677,-0.179,0.008,0.999
3.679,-0.187,0.014,1.050
3.681,-0.194,0.021,0.975
3.684,-0.193,0.026,0.970
3.686,-0.216,0.028,1.000
3.689,-0.226,0.031,1.023
3.691,-0.256,0.034,1.010
3.694,-0.249,0.043,1.003
3.696,-0.269,0.043,0.956
3.698,-0.287,0.053,1.027
3.701,-0.284,0.055,1.021
3.703,-0.285,0.054,1.008
3.707,-0.281,0.052,0.976
3.708,-0.279,0.049,0.956
3.710,-0.301,0.040,1.041
3.713,-0.299,0.036,1.022
3.715,-0.308,0.028,0.963
3.718,-0.319,0.014,0.971
3.720,-0.339,0.002,1.004
3.723,-0.306,-0.001,0.979
3.725,-0.282,-0.009,0.956
3.727,-0.288,-0.018,1.040
3.730,-0.260,-0.029,1.010
3.732,-0.250,-0.027,0.993
3.734,-0.217,-0.033,0.986
3.737,-0.214,-0.035,1.005
3.740,-0.202,-0.042,0.987
3.742,-0.200,-0.044,0.991
3.744,-0.182,-0.036,1.034
3.746,-0.173,-0.034,1.037
3.749,-0.170,-0.028,0.974
3.752,-0.168,-0.021,1.007
3.754,-0.182,-0.011,0.959
3.760,-0.188,-0.006,1.049
3.760,-0.186,-0.006,0.990
3.763,-0.206,-0.004,1.001
3.763,-0.214,-0.006,0.986
3.766,-0.207,-0.009,1.016
3.768,-0.223,-0.011,0.980
3.771,-0.210,-0.005,0.989
3.776,-0.229,-0.008,0.980
3.776,-0.208,-0.011,1.023
3.778,-0.231,-0.027,1.007
3.780,-0.229,-0.030,1.013
3.783,-0.236,-0.033,0.992
3.785,-0.223,-0.026,0.976
3.788,-0.232,-0.030,0.964
3.790,-0.257,-0.036,1.021
3.792,-0.263,-0.036,1.031
3.796,-0.272,-0.037,0.971
3.797,-0.281,-0.034,0.970
3.799,-0.298,-0.039,1.002
3.802,-0.305,-0.032,1.034
3.804,-0.307,-0.031,1.000
3.807,-0.291,-0.027,0.944
3.809,-0.297,-0.031,0.999
3.811,-0.282,-0.029,1.045
3.814,-0.281,-0.028,0.970
3.816,-0.263,-0.019,1.054
3.819,-0.234,-0.014,0.976
3.821,-0.242,-0.012,0.946
3.824,-0.215,-0.016,1.004
3.826,-0.212,-0.017,1.054
3.830,-0.210,-0.015,0.968
3.831,-0.174,-0.012,1.024
3.833,-0.180,-0.014,0.981
3.836,-0.159,-0.010,0.934
3.838,-0.170,-0.005,1.050
3.841,-0.159,-0.003,1.019
3.843,-0.153,-0.004,1.024
3.845,-0.141,0.004,0.975
3.848,-0.127,0.007,0.941
3.850,-0.129,0.005,0.998
3.853,-0.127,-0.001,1.022
3.855,-0.142,-0.007,1.037
3.857,-0.148,-0.012,1.020
3.860,-0.126,-0.011,0.946
3.864,-0.152,-0.017,0.972
3.865,-0.168,-0.019,1.025
3.867,-0.154,-0.020,1.018
3.869,-0.161,-0.023,1.026
3.872,-0.173,-0.023,0.978
3.875,-0.198,-0.018,0.970
3.877,-0.212,-0.020,0.979
3.879,-0.206,-0.025,0.999
3.881,-0.193,-0.029,1.034
3.884,-0.172,-0.028,1.018
3.886,-0.140,-0.021,0.998
3.893,-0.110,-0.009,0.982
3.894,-0.072,0.004,0.983
3.894,-0.021,0.029,1.004
3.899,0.010,0.022,1.010
3.900,-0.016,-0.014,1.006
3.905,-0.000,0.007,1.002
3.905,-0.006,-0.001,0.990
3.906,-0.007,0.001,0.991
3.909,-0.006,0.001,0.996
3.910,-0.008,0.006,0.994
3.913,-0.005,0.008,0.992
3.915,-0.008,0.009,1.003
3.917,-0.005,0.014,1.010
3.920,-0.005,0.014,1.016
3.922,-0.002,0.019,1.012
3.925,-0.000,0.022,1.001
3.927,0.007,0.022,0.993
3.931,-0.009,0.019,0.994
3.932,0.008,0.026,0.995
3.935,-0.001,0.021,1.002
3.937,0.005,0.019,1.006
3.939,0.004,0.020,1.005
3.942,0.007,0.019,0.996
3.944,-0.003,0.014,0.993
3.946,0.007,0.014,1.016
3.949,0.000,0.010,1.010
3.951,0.000,0.009,1.002
3.954,-0.005,0.009,0.992
3.956,-0.004,0.012,0.999
3.959,-0.004,0.013,1.003
3.961,-0.006,0.014,1.003
3.964,-0.004,0.011,1.001
3.966,-0.004,0.009,0.999
3.968,-0.010,0.003,1.000
3.970,-0.007,0.002,1.002
3.973,-0.006,0.001,1.003
3.976,-0.006,0.002,1.004
3.978,-0.003,0.007,1.003
3.980,-0.002,0.010,1.001
3.983,-0.002,0.013,1.002
3.985,0.001,0.014,1.002
3.988,0.002,0.015,1.003
3.990,0.001,0.018,0.999
3.992,0.003,0.016,1.002
3.994,0.003,0.017,1.003
3.998,0.003,0.015,1.004
4.000,0.003,0.015,0.999
4.002,0.003,0.014,0.999
4.004,0.002,0.009,0.997
4.007,0.001,0.007,1.002
4.009,-0.001,0.005,1.001
4.011,-0.005,0.004,1.001
4.014,-0.004,0.000,0.997
4.016,-0.004,0.002,0.999
4.019,-0.007,-0.000,0.996
4.021,-0.005,0.001,1.002
4.024,-0.008,0.002,0.998
4.026,-0.006,0.005,1.001
4.028,-0.006,0.007,1.000
4.031,-0.005,0.012,1.002
4.033,-0.005,0.013,1.000
4.036,-0.003,0.016,1.005
4.038,-0.000,0.018,1.002
4.040,-0.004,0.020,1.003
4.043,0.003,0.022,0.999
4.045,0.000,0.022,1.004
4.048,0.004,0.022,1.000
4.050,0.003,0.020,1.002
4.058,0.004,0.019,1.000
4.058,0.002,0.018,1.001
4.059,0.002,0.016,1.000
4.060,0.001,0.012,0.999
4.062,0.001,0.010,0.999
4.065,-0.001,0.007,1.001
